Material,Material Code,Fabric Type,Offset Size (Inches),Printable Width (In),Locked Length Digital Compensation (Scale),Locked Width Digital Compensation (Scale),Locked Length Digital Compensation,Locked Width Digital Compensation,Compensation Updated At,Width at Print Belt (Pre-Treated),Printable Width Formula,Shrinkage Log,Notes (from Shrinkage Log),Width Control Chart (from Shrinkage Log),Width Histogram (from Shrinkage Log),Length Control Chart (from Shrinkage Log),Length Histogram (from Shrinkage Log)
"Stretch Organic Cotton Twill (CT406) 
 ✅",CT406,Woven,,60.0,104.5806%,121.2121%,-4.38%,-17.50%,2/22/2024,62.5,59.5,CT406 Current Compensation-02-22-2024,,,,,
"Silk Crepe de Chine  (CDCBM) 
 ✅",CDCBM,Woven,,55.0,104.4386%,105.5409%,-4.25%,-5.25%,3/31/2025,58.0,55.0,"CDCBM Previous Compensation-07-02-2023,CDCBM Previous Compensation-11-24-2023,CDCBM Current Compensation-03-31-2025",,,,,
"Stretch Organic Classic Cotton Twill (CLTWL) 
 ✅",CLTWL,Woven,,60.0,103.9609%,116.9591%,-3.81%,-14.50%,3/18/2025,66.5,63.5,"CLTWL Previous Compensation-01-01-2023,CLTWL Current Compensation-03-18-2025,CLTWL Previous Compensation-11-14-2023,CLTWL Previous Compensation-08-13-2024,CLTWL Previous Compensation-01-21-2025",,newplot (94).png (https://v5.airtableusercontent.com/v3/u/40/40/1745337600000/2lKlOgK4TTzOHxEU4tXBnA/YCQGpMAvt0ev_vhHS9MK_0CUkLytywGR5s6wrl_d2nqFyQjn-lZ_kxxX0rQ8B8voQeQAYbgd9nIwdTrlbllIDA18pr48escskc_mU5dhauALpkFU5HYji3ODJqGGrlMJdIW3ZSlPN1Ma6jm5Te1dFcGASBBhd-9ceZECWRD48A0/MdEnQcgWw-5ONMJvTcqZw_ECRaC6zL8Amx6WTaExPSk),newplot (93).png (https://v5.airtableusercontent.com/v3/u/40/40/1745337600000/NuNEwQPNkJOEVocbeJYLHA/L49SwRH7KbSl8WjNdXkrDOL1ULxwFpXsnt_m0JNuYvOzflz9WAM6l3cM5X6-AtGsM4xG8sjvf_WqfDOnanBBWeZToY8527Yu2YYrIsvoEGjp_exBezosxqtbg0WuIcT7bRjfadwQLwOqk7cVrismXHjuO7mdhHLbtA7oHTWn-G0/B_pvcjAMe32U2DGR8-nFOJZiTyyd1axMl2J4F6Il7uw),newplot (96).png (https://v5.airtableusercontent.com/v3/u/40/40/1745337600000/en2kKYk-nvtX_-5X-IppIg/BI4WuPclnNE7MgJYYk1tl-bxPdA1ykjbXloAEZR_in8znGSdHehl4bXz7w0eLkgWvltYbUe3KcYyHp4whhuQJCKgqu_7ml7WIncLMmWgAxKEDaGx06v4W27ODtxnxa9OD_B22DU8HD45Aca1YzWJ67ikNf052DOqUmYWw4ySZNo/ZneoTcRWk6gMl_Ws13v7IfWCFBd9Ya3O216pz1uu4fg),newplot (95).png (https://v5.airtableusercontent.com/v3/u/40/40/1745337600000/5BrOX_-JVICMTceeNLqJcA/GRGweW5b1aotDPu0tn7eAzd5OiblVfmVPlCSv27FAR12URYOsRtZsw5dFvhvEmukY984qW_M0dA-10-tCpDT9DUEUKcCtN76bbWC5vdi5yP0jN8FZnT68_eKnYhJEgQKx5jitHBJyPtbYEqDCDxnWdC8l3JwY1EnOtU1OH7Iek8/yh4Sn9Qp1_aNsbfivvqTdCJ_xZX_DEfIG8LhsMk2nHI)
"Double Georgette (GGT16) 
 ✅",GGT16,Woven,,54.5,103.8961%,100.0000%,-3.75%,0.00%,2/22/2024,57.0,54.0,"GGT16 Current Compensation-11-24-2023,GGT16 Previous Compensation-01-01-2023",,,,,
"Silk Cotton (SLCTN) 
 ✅",SLCTN,Woven,,54.0,103.6269%,102.7221%,-3.50%,-2.65%,3/31/2025,56.5,53.5,"SLCTN Previous Compensation-05-16-2024,SLCTN Current Compensation-03-31-2025,SLCTN Previous Compensation-01-01-2023,SLCTN Previous Compensation-11-30-2023",,,,,
"Ecovero Viscose Crepe  (ECVIC) 
 ✅",ECVIC,Woven,,53.0,103.6269%,109.8298%,-3.50%,-8.95%,3/28/2025,54.5,51.5,"ECVIC Previous Compensation-01-01-2023,ECVIC Previous Compensation-03-19-2025,ECVIC Current Compensation-03-28-2025,ECVIC Previous Compensation-12-04-2023",,newplot (22).png (https://v5.airtableusercontent.com/v3/u/40/40/1745337600000/L84_Ld1vI0IO1-TVjvHTLg/_itb7TsZgr5yrAveHXnYy3b-l3g9ARd3YQBuw-RhFIisSQ9c8ao7R-8LFA9RwZg7K_gtxHOWpOxh-i28u41AWZNwUZJMjEKcBxdFFiOJsUYk7TlXZxZjRQzYPGL4LkQk4PK4FPIUudV_iGxRVJxxZ9BdHxt0dVQ8AKOO4fxQlzc/w0u0zf_giHrCxbaKYyzzq9p8RalvXOoMrdSA6JO9yNs),newplot (21).png (https://v5.airtableusercontent.com/v3/u/40/40/1745337600000/wLbv4Zv4DT7o1YSwZgpM1w/nBI5mny5fbkcSYOlw6QLuqSOl1sebJnP3Oz-skQVE79UZwWruwpaPVQbtBiPh8bA6otoBezfC0VMbAaPfP3IUFB-dTM8tjAfI4FfnTYTABkMBz8VUIYdhXEH8mGeyKTHT2A3DfYao6JTs0vcrsthy8mN4Jb5vpmJWwe61vImBvE/snRJyOypAUhbryvduTYjoOSgXfksK5e0r9sP_MTUbG4),newplot (24).png (https://v5.airtableusercontent.com/v3/u/40/40/1745337600000/EVwDFucacMWJL9hQj6SJtA/EcQLm7OntfzaUjU19eWgII5NVdu2wg1HKJDe0BXwW_y6kyB47HI7Ud2EvldJtH-QcWHQ5yd_tU_GO1RpN7dUQtUGwgRp7htOLknP9z5KKiRkLPXllpOV6wbqksJqv96ykgPIaaMsDdWWSKsQH-4S8BwAiYgwltXoH34QkFcyu7Y/HTOTkG9PZUlLlGEnWmhdX29VyxhqP0KxRxgoqLMXx9k),newplot (23).png (https://v5.airtableusercontent.com/v3/u/40/40/1745337600000/wdh9x59PXyBp1OfG0u9boQ/BH0PxG5nfO14qZYMXEodUYOEt5R4uLwCsX5TiE_DnOPit__SlQysPpLTJrhrtnqT2tW0OcTpYxutcyPqAp-bDG6r-NEV9Ykb5REq8EsGFB5xaWr2DpVvScIsKqieXfTb6UlkMwIwSq5M86EyA_o_5OR4-D1up7c1lFxkr5u-G_w/V53VAvGyWRVTng0x7ncoUc8hkQaAiSUbitQ9VDlzdxw)
"Organic Cotton Canvas Mid-Weight (CC254) 
 ✅",CC254,Woven,,58.5,103.6269%,103.0928%,-3.50%,-3.00%,3/18/2025,61.0,58.0,CC254 Current Compensation-03-18-2025,,,,,
"Organic Cotton Twill Shirting (OC135) 
 ✅",OC135,Woven,,58.0,103.3592%,105.2632%,-3.25%,-5.00%,4/17/2025,60.5,57.5,"OC135 Previous Compensation-02-22-2024,OC135 Previous Compensation-01-01-2023,OC135 Current Compensation-04-17-2025",,newplot (66).png (https://v5.airtableusercontent.com/v3/u/40/40/1745337600000/Ikw7z7-5rEcreINeB3otlQ/QHbcMixtWawq741o1VYK-8QDMcQJ7dBu3DcUSEso7uCeQ6zLeAahl_p1yZIME0kcpD8If1Qn2CXuOUmPWKQP6XWpVzVwW5gCwrO5QNXhMHSjN6anZm7urRHi8wbSBFY_L8AB39nmYTh3QENMcb_K3-DKYs57Xot1CTrU1-84fP0/hSvM4OvsGeIzf0BsxfiTCkz-7CoKGtTrGb6nlT6XwKA),newplot (65).png (https://v5.airtableusercontent.com/v3/u/40/40/1745337600000/ULf-meSj_z329IdgBgDg1w/hsr0fBslzJslyxb7HDD0cCq4f57ItgUh0A709VRzOR51mnMkC2V2gX5OIcL9SP9LN84negCDoNokjHEWmxVevhopK6hf3TCCnBllPrwNsBbaoeJqxkFL6JGoQcJEQ4oErejuZykt0IZztGQtJK7JJSIuKnS_viW8Nkq1W3TcT8w/zZuWVJ7Hz0nejiEUxXoRWy9BKLgtcRnyp4caWmSoj3E),newplot (68).png (https://v5.airtableusercontent.com/v3/u/40/40/1745337600000/PpS2P9eSHEP45fySbm9eBA/ssbojc833qg3WsJzRE75enTwGHDiVBsTdHvwdJvLgfukaCkdvrw3QgU8grKhxiFQwMGbrjT512eOf1oXOOLpJlNG5RLlToUZF5qCAiDDWX7lU4-cx8xfpb3xaiVNF72twxc8ogtEs6LubIWpMbX2-rdKNm6PBIZmInav04oEPJM/sOHbe3KLidv029ZLB5u54XdPnT7r2moUPL9wajS5QD0),newplot (67).png (https://v5.airtableusercontent.com/v3/u/40/40/1745337600000/Ev_TfFXZhBSZRfh1aPVJ0g/MCFv3M2l5wP2rXJHT4siKlKt-HKZg_meYvOGs_PhDD43r5c0wRH1ZLnlGw4uRsvY8w7FSbpmA8e3_opewnRAB0cJNW1rVyoYYcR5tLzIm2uedh1DkmAMy5nArWsGiXH1-9Nd0rGuc7QLesh6kXc4cxv_TbfQviyQZMBgN6I_hQk/TXCaojSA9QkAgyfR96XtgPOaepvjobyRzV6cEUh32Ac)
"Silk Stretch Charmeuse (CHRST) 
 ✅",CHRST,Woven,,55.0,103.3058%,108.9918%,-3.20%,-8.25%,3/31/2025,59.5,56.5,"CHRST Previous Compensation-02-22-2024,CHRST Previous Compensation-01-01-2023,CHRST Current Compensation-03-31-2025",,,,,
"Tencel Dobby (TNCDO) 
 ✅",TNCDO,Woven,,56.0,103.0928%,101.5228%,-3.00%,-1.50%,4/17/2025,58.5,55.5,"TNCDO Previous Compensation-11-30-2023,TNCDO Previous Compensation-01-01-2023,TNCDO Current Compensation-04-17-2025",,newplot (70).png (https://v5.airtableusercontent.com/v3/u/40/40/1745337600000/6x5F1vynJIjB0iKmGU7Btg/mlJgCY68uOO_x3BUIQUxqM4iHF5n8_DKd_5Nh_qhA-qd7cx_EcBvTbb2_k5p63hX3aNKbd93_XbV0qDU6FuahFIlZLe66n8keBCDco58k4EcdrhIkO_a7PtC2b_1qa7QY1Cq5J7Dvkf_dHaoq2PBcCkhXt4c29AIT_QeSAffqXI/aC31nPZKKvDEncdGElDNsU66KKCFs2MGtuQz9FpuqvA),newplot (69).png (https://v5.airtableusercontent.com/v3/u/40/40/1745337600000/y7bkFSwAOCQuWBKyokvdWA/rxnVqwzAR_dDMEASKlw6X0ugag3F_2GegghXc9P5P5o_B_T5I-CotXDbm-Gn9tbdhd60y0_4bwnA_U1jzv1O8yVTr8RJePQ2X4bmIFcLX4TdHbckOCENq0K08OlrUnZAKKehRsaBKfY_dPS7MiLlIvuHfgoZzwmBUT9efBrqfKI/RufVlkW70LWxOgAcgkCWT3Et3ZFp2IojqsikzjzHkQQ),newplot (72).png (https://v5.airtableusercontent.com/v3/u/40/40/1745337600000/Bp-_3pEeuwvvKCltDdr-bg/JFG49tjsx6faLXU_ES_uHt_nHXNysXiiEDV9op5ZHzKjfjf0Mxk6BA1LaAJ3xAImSfg40dzK3GUOc43NfzP0mOYtzEWuV2Q5DRlnrKmv06HucMdtUbwynPntw2LDbtfvTwmEnJoXN-Q-CThQ8yDxbOTadtOL7A-VDp-E0EMUKTQ/lFTjbd5d9HSLSDqTFNz8viVVuQ4TorJt6jLkl_XxKt8),newplot (71).png (https://v5.airtableusercontent.com/v3/u/40/40/1745337600000/60JvOMkpIc0Xsv0jSNq32g/qWH3PeLgsA567QenXnj7n2ecHZ0ibcZrn_i39kRhWMhLKfCz1Opa3hxjMx2EIE1Zkx3N8vzsWlmPTYoCp2_EieYzcCM5BgD650oWBGBnV2Hzs0LAk0BgsSw-MtjOkSqe0ksVrDo2UobLPB-RbC0Js-jXySGGclWUlZnCLujiyJI/RPgew4XMzjhZb5LkjHCyiTqFlYlKxYARkvHsNlbd0vQ)
"Stretch Silk Double Georgette 19MM (LSG19) 
 ✅",LSG19,Woven,,55.0,103.0928%,112.9944%,-3.00%,-11.50%,2/22/2024,59.0,56.0,LSG19 Current Compensation-02-22-2024,,,,,
"Organic Cotton Flannel (OCFLN) 
 ✅",OCFLN,Woven,,58.5,103.0715%,103.4126%,-2.98%,-3.30%,2/22/2024,61.5,58.5,"OCFLN Current Compensation-11-09-2023,OCFLN Previous Compensation-01-01-2023",,,,,
"Tencel Twill  (LY100) 
 ✅",LY100,Woven,,58.0,102.9866%,104.4386%,-2.90%,-4.25%,3/31/2025,60.5,57.5,"LY100 Previous Compensation-05-16-2024,LY100 Previous Compensation-01-01-2023,LY100 Previous Compensation-11-09-2023,LY100 Current Compensation-03-31-2025",,,,,
"Organic Cotton Voile (OCT70) 
 ✅",OCT70,Woven,,55.0,102.9654%,103.7667%,-2.88%,-3.63%,3/31/2025,57.5,54.5,"OCT70 Previous Compensation-05-16-2024,OCT70 Previous Compensation-01-01-2023,OCT70 Previous Compensation-12-06-2023,OCT70 Current Compensation-03-31-2025",No changes made - Ivan 04/25,newplot (18).png (https://v5.airtableusercontent.com/v3/u/40/40/1745337600000/I8ChKIZp_3idJZi-4Zm12w/Fx7THVJkfJM_sP8QO_Mv2V8knDZjKCRf3AtwCQPoCKILibBFZDz_WZlVytdO9DKGkNEdHWwPoZYyIOemL9yQImc7tUq_fYIu2PMlgYKcAq9N1PspbEsYvc5rWzX6K_cZcLJxQI9oCTRYqVJJRDca3JMWoCL0fHoU42Hbg4pN0xs/Gd6bfvTa5A9Q7tqKeqxJeThv1zhxpUJIPVcICqeHib4),newplot (17).png (https://v5.airtableusercontent.com/v3/u/40/40/1745337600000/1Rmr5JKUjB2v7eNVG54mbg/uQbFe2kdrnD8Yw14EnLE8wjjMVs-pU96AhrNu0TFLpvnLhtxAAjn8_JgmVMx887dOZTIzAlYVE2sXkzrl-Ouypu3Yv-r16xSDBx7vaR7w2QJ19yo0jTM9-oevfKMPwbWX5FK-DElV4Fqk1UUzJy8Mf9UAj-rv94LXV_n_aQlP94/A8a31MdQNlEwHG4t30e1sG3Td-h_piJMus-Cn4yd6TY),newplot (20).png (https://v5.airtableusercontent.com/v3/u/40/40/1745337600000/3lUtRzgMiksDfFhKaHogsA/Vel30gZcx5BOXTlgy5e3b93sROGj54lJJLqiSCuU6Rm0UBHRBjh6knlt1HqplgRKAXpklq_Oi6XgL3KgpeNcAthVkXtARCH8nfn6INOOmwbycd45ar21yiAbNSlwj1d3Pv-ueJ0diuObJ49Gv2RLGOe_X00qW0QuI_LAt8I1sXU/_7GpVsSn_zqO9PPE97nUrz2ZXDggV1bfECwcZk5-VZ8),newplot (19).png (https://v5.airtableusercontent.com/v3/u/40/40/1745337600000/nCB31L6I8S0Q_FylPEPjhw/nEn_J4JtDHZGQAhAFwnZEnYOnZfVHbey08pP5Oh-oRkvcLEN8EmLSnaq7sLIxRlbZgb4AJg47o1GLx-UdrI_SepuEu5MZxeZlHaseD1EI6NWgyjUvB07_5ppI3PKCTvxYG0qWsCFAaACF8DL5ziThBBYLPYAoxwY9XtzmsunA4g/y958GR7Qc_qpc4yErh0FjC70wCVbEGM6Ap_NE7qP9fc)
"Light Cotton Slub (LTCSL) 
 ✅",LTCSL,Woven,,55.5,102.5641%,108.6957%,-2.50%,-8.00%,3/18/2025,60.5,57.5,"LTCSL Current Compensation-03-18-2025,LTCSL Previous Compensation-01-01-2023,LTCSL Previous Compensation-11-16-2023",,newplot (98).png (https://v5.airtableusercontent.com/v3/u/40/40/1745337600000/5z2aU2HzFR5S4aQ4F4Fz9g/J0xAvNcN1uvobTec37rz3Up6bkMJ777uD567Pjfk0eWIDwyEmJdLQBz_HvGmtV2lTN6xyzH4Y9kVbInl-xsX8iMz5-goE872TLjovq3Qtl0tZVsjazW6dp32dEg79wPBXPumpLUMPY7TNFB1KaizGXTTXhB6rCEMI78NtzBIDBk/HOXWIEQHEcSk8mEBVQEDTR4WbgJkdkVCero5UUXReLA),newplot (97).png (https://v5.airtableusercontent.com/v3/u/40/40/1745337600000/IQV4T5xed0eYg8x3kKZN2Q/KPA5IYOnB5ydtkV03-eDAMikIR90erAIMadDt8AhJ7lY_NTdUW1vXrWzeKhQtr3A0wV_qQVZtnRwoxP4FIeY6b1_HyMcAoIoK0vMKwhKlb0Td5D0Wu7C_v0_ymsBB6PsuF5uPbUMXG8Rnc8inbmWhyv7derMQgsa8gaW10CmzXs/GPkqTLpLwMSprTXQKPdgRhMChJqgAWZe3_5xmpZvfzs),newplot (100).png (https://v5.airtableusercontent.com/v3/u/40/40/1745337600000/b3CPlhWL4xoZVyjIysHHGg/XUrCxCitFGh264IaCA7X_au3dBdpkEUgVB0RnUNqQeUUiOXaEd8eqHmf6eYyPPmSFnnRU9EANWayiCyWk5qwVRmD6wFvw_znsEbIoNzQPpwvLSoKbm3Z56mx7eHm_1Mq3WNEcn8kGSsEI0J9_wJ55fQFlIq05Bln_LVjfcgM5fw/N41BKgZ0GGTnaYM_uT_fP_A-KWSYjEPZnkcnWNPuFqo),newplot (99).png (https://v5.airtableusercontent.com/v3/u/40/40/1745337600000/iLGb_374BdGK0HNUK323ng/QmGq8QwKULarIeF1d1fUjf2wpmwjPst0KhkiZylpONT4gBQ_wqJgKwQb0OQtlf-OVosGfeZc_FViRRMjZ0OFnkYcH_Vp-0rJp7G0_gx2xc5gFsqVrYcY5nI22kK9ogJzaRjVl3uhzLppygfZwK-FLFHTLAkqOXrFQ01PYbzvADQ/z7uHjHVfuSOMd8OKdm7RJpLK5u-U705WY21bUlUv60w)
"Cotton Canvas Medium (CC270) 
 ✅",CC270,Woven,,59.0,102.5641%,102.5641%,-2.50%,-2.50%,3/27/2025,62.0,59.0,,,,,,
"Mid Cotton Tencel Stretch Twill (MCTST) 
 ✅",MCTST,Woven,,60.0,102.5641%,109.5890%,-2.50%,-8.75%,2/22/2024,63.0,60.0,"MCTST Current Compensation-11-22-2023,MCTST Previous Compensation-01-01-2023",,newplot (74).png (https://v5.airtableusercontent.com/v3/u/40/40/1745337600000/LOhbSWR_oJN5yEJTG0808A/P35s1QyulTNqeqWN_iFHGn3mmJ7vekLd7qPklpvFeUmI7AJPSTtAGaogUsciraearTpPV_E5zlB5JSpruqClUFXR0I2tFVWaZYztKKx6Ks88Mh0sRC-Ji3Ar96aBL9E06yOCvDjWRQJNQE3BTXSKy4dmGtsJPpZbbTMx6mXaXtc/-fyxddaDRh6fCMG-NeS_qSrHqVXEFv9-MzC0gtHQ_UQ),newplot (73).png (https://v5.airtableusercontent.com/v3/u/40/40/1745337600000/me8Krml6RvITO__NezeDoQ/yZHZm7fhPnyNhwhjYecRqvhGzCCWpOWzxvhc7TA-whOkqlDnuBOtvYf7hfPIONu_wMG2Ey0EExVz0SG12rNcGYPUU3cY-qkefoOiyZqbOVoPXHTl0FDIFZoxIZIJN8ou4qy52pvblprBXJkBP2I0dtD8NdgNlY7lf2bMGj_hIL0/RHlOHujZ3dAIheKnpVPbxVtymjAhwiJjRyDVT2x9Tfc),newplot (76).png (https://v5.airtableusercontent.com/v3/u/40/40/1745337600000/W7sRqErSbaMAyO99VNAnig/qHivWCvVY81He6cgTE_QbjcbO3GYK4eYBCyoHJ-yAazhFgKD81kSjb-dM6vb6DaSYXHNJIdn3AHupOMYUnZ0q2A0u8RTq-5ZdsyudsIof_MrdJ4ZbURV1pMq8uNEiEWaoUTLL3ju5p85wxR8gpAcxtOQSuTUq2MXwP5r7sVcveA/zmCyCO5DaSlkQwi1-qNHT1NE0ZBdZxPVeInHIKLLp5s),newplot (75).png (https://v5.airtableusercontent.com/v3/u/40/40/1745337600000/jEZneVhqOoZTKYNIjz5v5A/EmHToEShIc-AnO_SUKEUIlw4sjKc8PMRpjLWng2LAb2p5MO7FjqtXqqb6E9RfVeaGKNZAGDYt_LoIs0B191PNiVfcl3mHh9Jh2BLIMjp6Fth8dCfj4CU1Ja_zInxc7Wpg0YOmaJaOxOuFhN34qUZZD4P7u6oJC2PYsmjUvPycks/70MSarrQ0fYr2jV0caZZqaMfTlexlE40lQHXa6oxnyk)
"Stretch Organic Cotton Ripstop (CTSPR) 
 ✅",CTSPR,Woven,,57.0,102.5536%,106.7464%,-2.49%,-6.32%,2/22/2024,59.5,56.5,"CTSPR Current Compensation-11-09-2023,CTSPR Previous Compensation-01-01-2023",,,,,
"Mid Cotton Twill (MCTTW) 
 ✅",MCTTW,Woven,,57.0,102.3541%,102.7749%,-2.30%,-2.70%,3/26/2025,60.0,57.0,"MCTTW Previous Compensation-12-06-2023,MCTTW Current Compensation-03-26-2025,MCTTW Previous Compensation-03-18-2025",,newplot (82).png (https://v5.airtableusercontent.com/v3/u/40/40/1745337600000/2CXy8ml5MHgTAxUoU9gTyw/v1ytW0qJulK0fV-i4kt4r2yWuQtsTG6t3znxwu5l9yRincHz1kVr9o-pvRu_Zh-FLcL21EvivbUoszZX44BjQgXixAry1nF9vNc3sWtiY1mXDVBJXzwDb6ezT8eSNKLWbkDVSsKkiAm6J76uIkYTivlJllZ2rJUFmndYq2dkvJw/9b6reS2ubn8O3GRYMXlY7vZRq3105llyLSlL0a1nYAs),newplot (81).png (https://v5.airtableusercontent.com/v3/u/40/40/1745337600000/VaG7d95uyFcFv1gii86mFQ/ro6-xqNiLlx3GWa2xsxNmjz6WsQT5QkvXXgpIUFRjo2VU1UXLhi7FoIqm0ZvEuDYbTs1Rki_Hgq78IKcMsWlGdodSYvS_vX1te0SxJ1YPmzJakSfiqvXfGke56YDsTmYobSfEy-Qv1ReJ9sh8AUNHb1SOZ3ahitMuuTODXnWugw/g3XgwuZbfSelES4sQlxoH_Y3i_KY_2WdbLoyomggwng),newplot (84).png (https://v5.airtableusercontent.com/v3/u/40/40/1745337600000/wSMuhFqcBjdcAG-sR7DVGw/EyEMtlfIeBLoSkAzmS6kd4_hEUNYF4g0QScB8_WSWAMX1h2c_dfAOHe78FfLJPN8zUaFuYhObgGjrTHdGQC926ylD-ghalUb_oaAGtQE0p_08wlWeSf6mDc3eJ8dAb2X3xvwOp-bE6M8vVCLDX-wMdzvw9ZZIZt15rWMhrslFMs/oV157bp-jbil1vYjEKita420dJofwZXSkZwJfKNehg8),newplot (83).png (https://v5.airtableusercontent.com/v3/u/40/40/1745337600000/PsmgyU3OGiXVivs7OpzKIA/MwE4J79ar84h07xL7wM_98eILx7WxB0ZJDg5NCKSaaYsgPuKb7QCT-2UteJXc8f8OSGASHP9a7FM7UXkV6Yq0MWX1dzvDq9zzmDCYs16_lObe4hCpK1-_G9DZj4CzgCriNnUPElg6lRYlaz5HaXXKSwEwBPX1AYD8Z3P2kgERHg/t_emnOemtmlRSwQMa_fj_cz3tRvrermtfnSgOAAwrfI)
"Brushed Stretch Organic Cotton Twill (CTSPS) 
 ✅",CTSPS,Woven,,57.0,101.9472%,107.5269%,-1.91%,-7.00%,2/22/2024,61.0,58.0,"CTSPS Current Compensation-02-22-2024,CTSPS Previous Compensation-01-01-2023",,newplot (50).png (https://v5.airtableusercontent.com/v3/u/40/40/1745337600000/F08vAdf477598MV9nI1hEA/hz5p0_xSVtcTz17bYC7weMOjVGkMjxXtpCjFI--GIAVuOvFT27P1wYEraOYdSmeK6MXQBO7V3pkya-stGGNPS_z5Xpbf9X-2Otsg79SQ7DEucMLDKaaEPOIMD2aaSzXQ7TnJ94j6vPsDn6DPcUX5SKGhxCUrnWbSshjf-PpJ0f8/-OPn9khfMODlC37TMQvzq1GyWwXruQOcLSdfTERkThc),newplot (49).png (https://v5.airtableusercontent.com/v3/u/40/40/1745337600000/gwTMdTTQh9UrXXccoROrKQ/1sFWiA32s3qMPQ5dYq7XY2pbo-OObKwunf_Hj5VHWVjB2ems6LcbJxZO7ZBMLJctwWLcoL11WiXabfHsgQlnsk_NPyejpsntNPN19QB-k6sQD9G6YUz11DodIBN67JzR--OQZbkk-oItYH98XlL69e1rNUT7MSg6Ib1Obb4w7GI/LahzYORX0FoxnMW4yNvNR9E390Gp8lokiuIaOlzW13c),newplot (52).png (https://v5.airtableusercontent.com/v3/u/40/40/1745337600000/ZcuLKjJLlYp6NwtItJm1fQ/zOn1mj8eBlSWS6a180qfATtmTcp_9i1TMkXFB0bP1Rq-vMB-tqHSvowo6ip9-4GANw9ZHfffpvx0RMCLoC0JLNd9vuhxyxnyn-HhKeAS-SKkGY364f6zpVUIn4vO7pOMSaMR78tXI91BrozSi-ShfDC2bafTPrJhL1pAPNNSckE/kRLAieOJsN7W-awyaw_soZ73esgMBpRMtBPD7hMqkNA),newplot (51).png (https://v5.airtableusercontent.com/v3/u/40/40/1745337600000/9Wn1yOyFqTwFcC42QbKHxw/HUr2gfIQ9OYpAcQGrcrCtWidAJBrKxSOmbvMWeuBHNXgKxSeYlgb-1NJr7743F6fH-PY79tbb-hWbcbROg1xj47Hy7rM8PNTuqMU0QY1OmYGzm6Prw9ci9p34Fo9YwpOLgzTIoDLnITVmNpNpd3mo0Ypyp9Xvg72P_uu_PWXAEQ/E1h_J9fbdaqiOhcFRDqxH-4aq4KrE9OxRp9SldzhNlI)
"Light Weight Tencel (LY115) 
 ✅",LY115,Woven,,53.5,101.9368%,99.9001%,-1.90%,0.10%,5/16/2024,55.0,52.0,"LY115 Current Compensation-05-16-2024,LY115 Previous Compensation-01-01-2023,LY115 Previous Compensation-11-30-2023",,newplot (58).png (https://v5.airtableusercontent.com/v3/u/40/40/1745337600000/3Yle6Uts_WgAphPcxz75xw/5uQnw-mO48CoYKH8Pxx-2Lao1-fqZkWTNiG9dQYfEYsn6wRlCnD8wBB3K2TXgnZC_VQVFVAiqLzv8tA6hJ7u9LuStURB1UbwTr8HRuOvbZ07Foxo-AX21yi1VrW1Ms2QYsEBJPLJCEHumem6Z9kDAnqJT0KwxH-zm-AcaAVg9w4/nSInG6Pv0XXcyZZS6oiRnXgVkCu4rNAZZvcYW8jekEk),newplot (57).png (https://v5.airtableusercontent.com/v3/u/40/40/1745337600000/WDIDzjSznSOXrCHmRHsStQ/APMZ8PkwhYOwA4wrU6ShgMp1rCdtF24sABypdQCjhchcHUcCw0PgR9QyVfwpJfW165VqdVMHY4gV90sH7xD7CwolWgcCY9smZE9qEUZ9wOmOE40cBUYbakhE2NrzlsPUGpWlYwTszMGJOg_nlhpVrqrW35Gdg0fpCuoBvkMB1vc/JFZTZkyqMl8LE8YJlbnSRKGKsZVoVlKkbvHd4TZTteA),newplot (60).png (https://v5.airtableusercontent.com/v3/u/40/40/1745337600000/G_DjTcni-_48-Volw_yozA/QH5RUKCUqvRAlDd0PWvACP4jc3FuVQoWJxfcUA9633vHLWTvImHwWDgvf9rf5aaigH8f-FCf_B_pRMXjV09otW4NhoCw_xOWLPsOB-jzyxOUX9BhMZvQ91Bf8wKTkKDgHadmHyMO7ERWufU61l5FbxIRIrlTmBLcQsnSzO2VOBY/nMQzON3mNd6XUW3BIZMeRHNj9aQX_I2vb4Vkau6MJJA),newplot (59).png (https://v5.airtableusercontent.com/v3/u/40/40/1745337600000/B4ubAEfgu1Z8d4l0ySzx2w/12A7jH4Tv5rfZrcmBMh-kW7wUT9SMJrjXoWze-fV9qJgh9YLOrXduqDiDqHaKFqWpfvxMBKym-KW7l4swZ8cso5VfkAW1zdjyuHB8WGp5XyiATqxsuN-LrL5TjGd258o2xYJD1IJow_AGwifYF777MSR2gFqt15gS5SxtOB0A1E/n42BWkrCsRyECx7fKN0IWqvcCI8WNBKfk9VLiKW-GtA)
"Dobby Stripe (SECTN) 
 ✅",SECTN,Woven,,57.5,101.9368%,102.1764%,-1.90%,-2.13%,3/28/2025,60.5,57.5,"SECTN Previous Compensation-10-06-2023,SECTN Current Compensation-03-28-2025,SECTN Previous Compensation-01-01-2023",,,,,
"Viscose Satin (VICST) 
 ✅",VICST,Woven,,54.0,101.9160%,109.2180%,-1.88%,-8.44%,4/7/2025,56.5,53.5,,,,,,
"Cupro Twill (CUTWL) 
 ✅",CUTWL,Woven,,53.0,101.5228%,102.5641%,-1.50%,-2.50%,3/18/2025,56.0,53.0,"CUTWL Current Compensation-03-18-2025,CUTWL Previous Compensation-12-04-2023,CUTWL Previous Compensation-01-21-2025",,newplot (54).png (https://v5.airtableusercontent.com/v3/u/40/40/1745337600000/mEJf1KM9dHTU_xYDLYcCmQ/b93n6OMCsrSAAOOZhSMJn5Uze1fNqzKYd5_enQcVGZZeKpoyTC0sLflSm-8lE7zcJs_73-p7rrn5y0GQS1jrBz7C6KfiIiQhDXG-D6xaryK7Wv4yo_qohQkqWaOKBlN4I3Us-sh3F5nX80lGwx88t7k5N0ZkvjCd_ftPuGfOV5M/_0TRobOdM-czc2sb-d9d2N6a4yytde1M2Oa7Yo-ZEGc),newplot (53).png (https://v5.airtableusercontent.com/v3/u/40/40/1745337600000/h7aw2ATtz4odmST0iCzNvQ/RVIhNkW8bPn6N0arjblcasE8mME_A6JaiAHgzIcO__Thm0QJew5uR553QRJoBIhaQFy2l3V1PcZFNycFbXQqqykc06OmQrKgm1ZkfOwQiRTC2hK3NgBZLdIZSrDRi_dFZHQ5b_gst_q4-fJzvPSC46nJFoEZHOFjxhFAtBJl4Vk/lME_rq--2fVYizlekL63kCxaUGhcidQoDESFHIM8AH4),newplot (56).png (https://v5.airtableusercontent.com/v3/u/40/40/1745337600000/V8fO-tkYqHQGkNyhsjLjlg/qqXJDj1T2IkrWpb_OHPoCxYeIVZiKmuIkjkp1fOhioJH_WiTdnxAba8AbPnStq6olqDqByifiW3p6FC1WoFtWSY3zbaD1gIm6ZAXVJmQXvYNUxRrH07lGnKeLlpw_yDjn1e71GRYOAsb6GziyRvpzp0HTBVIYgdRVE__nK77FLk/kyv2qcpzE1ZLhHYmjBqyGp_MM9hdfLsxBt8BJf8E_MM),newplot (55).png (https://v5.airtableusercontent.com/v3/u/40/40/1745337600000/gueEZq0rttl993kU8UwttA/-sysPKpK6NcRSqxkwO4hKS1bAIxWMHOFTEow7n4WM24SVyH1h0LbhZNZ15GD_qpTSZhBsjlVovQsGqPKtpvHOaSsEqZwSgwP0uAklE4tSw39xaKD9pQ9gmV5KLWcNVPsvaUp6vZyC_CEL5w_c5VQNtYFMvLwAKmt0lW_bs_3b1U/ujHnv38I60tYbJ7k88Aqk01B9fne6PDkY8kzj4DpiOs)
"Baby Wale Corduroy (CTBWC) 
 ✅",CTBWC,Woven,2.0,54.0,101.2658%,101.2658%,-1.25%,-1.25%,4/7/2025,59.0,56.0,,,,,,
"Stretch Silk Charmeuse 19MM (LSC19) 
 ✅",LSC19,Woven,,55.0,101.2658%,106.3830%,-1.25%,-6.00%,3/26/2025,62.0,59.0,"LSC19 Previous Compensation-11-23-2023,LSC19 Current Compensation-03-26-2025,LSC19 Previous Compensation-01-01-2023",,,,,
"Light-Weight Cotton Slub/Flam (CSL15) 
 ✅",CSL15,Woven,,55.5,101.2658%,103.8961%,-1.25%,-3.75%,3/11/2025,,-3.0,CSL15 Current Compensation-03-11-2025,No proposed change - Ivan 04/17/25,newplot (30).png (https://v5.airtableusercontent.com/v3/u/40/40/1745337600000/9L62-BfByKcRpDPtECDy9Q/g_ltwKakjOpMgB573RktxCBQaFZToAIlraq0m6V7YfNGXKabQZVTqvzKyrTp7fXXBMvYKgpsUJPy4jpGNPm9Xg0NTn51HzWN8LYtdjNeuWyPPlAd5YLJgOgzRXrOsjPFkouaiiZU42tKDg2fszGpCwZrfwxmMCN0aKh4WiYWWcI/776-jeMxijwDc0YW08OGiKZyPilHH5tNs1vQe819brw),newplot (29).png (https://v5.airtableusercontent.com/v3/u/40/40/1745337600000/5Qo_tpkhlKNcHhZYr3_MDw/NoPPQnI3WIGEFiTcVUQBYMCFQCjdmjJMJHWJeuI8p1yzQK7JNlrplYOybUSXLIt-I05DJZWXbzkWrzEH0AhAOkigTyBhUyxG6Zthz0XC-y9Lxl6yyXggh8WdbcFqQyRaoi416R_VorZ28v7UX-XT-jpSP87lQCaQ0koox2s1yV4/5JA6T0h3F_FJcfcdIs5b7ALxPCkU2P4U7Qr-YkOhdf4),newplot (32).png (https://v5.airtableusercontent.com/v3/u/40/40/1745337600000/1oy4XkgRo2O6zGh_2Ve6uw/Y8JB4VolqNvOMSX6lj-PKMzUrDla4-zW439hQzXshION0OztE4uSiDnoq25zW4VOmDeNkEHpeKhVjRbwhEk7xwjBAdxGDBEppKMhiB3ehvzfH2r6T6Snr1xq-yEcAhq6GnxcmS4K1ynTAi4IhePRvVj8Ldba6KQqf7LKC41WUH0/Zhi5hOHLu-T4OD-zMGzoYM72jPsI1z1Caj9BsDNRUZg),newplot (31).png (https://v5.airtableusercontent.com/v3/u/40/40/1745337600000/9PrElhl1TznXcvb-1ZjX_w/hUCPCFqaFRXWeJlpENDz06M8LaSxMTnm3NO7V4pWaxhnaMNmY4i1N0Sb1nl7NmAvqmFL1atGyCF7XkxmJ9yN7nS6qQgJTr-McNmtx3LXH2wOhcJLxSVJ-Jj-pYgzDxxQCUSafOhR2jvXvEOxCtAxUAwgxiCgNduROFa8MfAOOao/7QbtY0iHXSWcG-Co4ADDAmNEUKgUhouOG4_JpyZNAKM)
"Oxford Cotton (CTNOX) 
 ✅",CTNOX,Woven,,55.0,101.0101%,113.2246%,-1.00%,-11.68%,1/21/2025,59.5,56.5,"CTNOX Current Compensation-01-21-2025,CTNOX Previous Compensation-01-01-2023,CTNOX Previous Compensation-11-23-2023",,newplot (38).png (https://v5.airtableusercontent.com/v3/u/40/40/1745337600000/Q99NJR0KYePmwbmhZOAPkw/GF5JijY3pKFPRkLOouUTD1ywycyh4tn6MrGxTKu5pEKjd3TcTd25xUjnjvGCDK5fVVSkLb8oDDK3FeS7eMFmX7ZDkqpEW12a_ZNc_g1Nwu2mVJAnbdwYWyT7h2YjP5RNSmL3sKH_-qensqDsvs0s6QEQIwy1Kmv5aui--NJm0Ug/lvujG3TWcW4I_SpNFIs8L84lLO5uM4KgtH7KdJnVF7U),newplot (37).png (https://v5.airtableusercontent.com/v3/u/40/40/1745337600000/QzZPOax-v_6QduMitCBfnQ/ft2qQ9NRm1lri5vWbhrl8wrS26cOYupvzAglE45Uu0dnpQbSdDQGkLDjn_5La01OuWaPZvBx1V6JZ1jZo8Jy2pyP85mRnB6qpxUssyEd5HhJNV3nCjB8EBEEonL0NJQQ8dHwnECVBof-BGiIVc9dfwNgd2ilshYo5CG26A8q6Oo/biaWK3EuyC8No7H_DALflXQplUW-jaW_V53wN5-COug),newplot (40).png (https://v5.airtableusercontent.com/v3/u/40/40/1745337600000/Vuv1rZaxiomSOU8mu5Evug/E8AKejMKdGfWyZI6JDQpaGjofUoByaIE4Pl8tFHSwDEbeK2cQjRt9QBkJaagvKC8UQVlijJ52-WNDqiwi6GlIQk8o4SIdbmIMuliEBuXS0b4Lr-Lpb293mTT3gtv1ThUQdEOj2AaUMUWZkbV9xc7wN6vE90-iQ805BMk6Go_Q60/ArnU_uAN0GyYblgjJAp_be4He3vQXXEmH6cyq-1rf9c),newplot (39).png (https://v5.airtableusercontent.com/v3/u/40/40/1745337600000/ElHaa4nq2gqwH-se4m6Wrg/_ZjIqIdEVUsHGEz7-uFzQIwtNzcR3RHHL5jMxynThR8Q5M6CkqEozuvxtpfTtsxx3NRoDfar2GU5L0KnSkwWVdoUihitqWlQydytHwcYOE5MC8Vc3YCmK5wG4WBfircxhzqmmI_9HXmouiIk07Pt1IXeyvC6pbE2xcEuT5su1Po/u3TJUzweLnN2m_YsoZVGtRzwE_Wd6XlDk4D5NOTgzbs)
"Organic Cotton Hemp Sateen (HC293) 
 ✅",HC293,Woven,,57.0,101.0101%,105.2632%,-1.00%,-5.00%,2/22/2024,60.0,57.0,"HC293 Current Compensation-12-06-2023,HC293 Previous Compensation-01-01-2023",,,,,
"Light Weight Cotton (CTW70) 
 ✅",CTW70,Woven,,57.0,100.9897%,105.1525%,-0.98%,-4.90%,10/16/2024,59.5,56.5,"CTW70 Current Compensation-10-16-2024,CTW70 Previous Compensation-01-01-2023,CTW70 Previous Compensation-11-08-2023",,newplot (26).png (https://v5.airtableusercontent.com/v3/u/40/40/1745337600000/MarCB9czDmgOP6vX6KETww/NAAz5vm8Sdg-DjoXg7y3ue4QB8WWA9yL28EPWR2Ju8DYteRUCld4El62iyc12bfMqdbrm0daJ93gE5t0Dy2LcVs2DstmN8WrcJGdeiy3upPeH6JYC1DPd9O2vVe3QeHkY6nehgyNi32kiVJCXIUP6NL77xjum4Yo5JzSOBq3flQ/P9rIOl9-nZu0x5GhmwRCge8tgGGFXzgnibP-B3ogdYA),newplot (25).png (https://v5.airtableusercontent.com/v3/u/40/40/1745337600000/RlflL8Llq_ZZs2CDCqYXxA/iCIZSqPnqUCAliQqWp6FrmaRiExKCuZ264qH6IXbEA14Xb2TEXK9579fOU6XeUlha3vfwst7KqJq6BVA1xzHDM2Tf4iOeSw38SSiK1XYARWz8HtTOp4T5ZsP5-HPvqfpZaZyJaR4NXxy3g0Aju5-Wxa5eZfTyVtY1YLW4vo7_TU/uQy9Jb5Psg_ocndq7w_Xk1eNsEw9_8AFs3gfFPOKd7s),newplot (28).png (https://v5.airtableusercontent.com/v3/u/40/40/1745337600000/gerEXKZwUvsDtaeF1_RuvA/IlQDTUOkSsX-4BbEIp2x4BoeEVZxnAUYDaAgPrStt_LaAM8LHW5GnoEXGQwcfPXpJGiNGgsGRLWViwPT-wQMf8dpcIuF0IvMMcF_rTn5tAk8ymUVWDv83ezCUG0x2kyP-K0qs86e-6usl_FCpEgQ6ccEbQv5T1-VXaxTxV3Yv3E/G2Hngi1wJ7SmHkyXkvWnaBt6_ItpxaaeCenCNTHY81o),newplot (27).png (https://v5.airtableusercontent.com/v3/u/40/40/1745337600000/mNIdhZNFmtnuL36fY1xQPw/5ZxFvRFjOp0BTDnc_uo_kdG40xLPwS6-MQWSGLvW8R_XZ0kMQ72bXRGpuMKZtSI8lmHZR_LwXoBmWFs6cyjJLqKwvyUo4S_E8za9BrjhcHUZAQUpwQmV-oUI0JjDhwxh9P8Tv8U0_GagpVitbOhStHsSWuP-8TYWAe4UriHPpWE/5tcBeXB9lVTa73TE0BNY37H-iXI-mvfulo5wbsJrtRM)
"Medium Brushed Cotton Flannel (CTFLN) 
 ✅",CTFLN,Woven,,54.5,100.8878%,105.2632%,-0.88%,-5.00%,4/17/2025,57.0,54.0,"CTFLN Previous Compensation-11-30-2023,CTFLN Previous Compensation-03-28-2025,CTFLN Previous Compensation-01-01-2023,CTFLN Current Compensation-04-17-2025",,newplot - 2025-04-17T135229.070.png (https://v5.airtableusercontent.com/v3/u/40/40/1745337600000/ngscuY4QwtVRwpGDoNSUNg/oyqr0Fm1YXZvERzx-00ii7nJWtjwExVNgosrrVvMMSJ9h9l1To51FG53OQun-pFatFi0i8pF0OKtVJJu54D_0xR4i6aBKHVEAOM7g5Znb0q6lqYbOgJR-Jd75KAA0yOpSro75hZdaueUe2wdaYbwaS9NI8Nex0qhyHjLSrmZQEdqv6tapl7EDQlYxWAKB3R2/N4pVJoBBiE4uzWx1Aeoz_5CTpRV44Tvq2QfKmtJrSP4),newplot - 2025-04-17T135227.692.png (https://v5.airtableusercontent.com/v3/u/40/40/1745337600000/BmsUxKgz5oC8b20aljqYWA/EHAV8gFaFlddKSSfgTxKq7G9muHaNuEskMQC_p91odq9OGCt5TtbNQf54-E3waTOpXdGGbetfvOf6_qpfcVGWs6zHpq7HW4HulQzf5QgNluoxs1galrz2PsSqn4XOQ4tWDUkJ0UGJTV98Y26NajzQbjy3Bt3nN-b9G7RkxKEfHZz1UbI3EQu0oP9VhPaWHG9/HP70USZg-XmKi7DLmX2tNn2sC369REWRdOX0DUShZFs),newplot - 2025-04-17T135232.495.png (https://v5.airtableusercontent.com/v3/u/40/40/1745337600000/Jsqe6d25-KGN9kUFM68a6g/zBjBpl5FXWI2pgUiO6EVULbyzYCXIYNsGf6HqFJjH7uO20UdD64--LFm5sgEU0YuGIjswpfWvIzCQuFBp22GTrJRH0egZvleIiNFdZmvH_pL2LiDlvENlGNbcGyMkIc8PgDoMUZPpxC5mzD7Cg44bkFWHPPiZSj9Osn5sCdSaVcbk1mkTTdrbQPCEFOgxKbM/bLAysqdpe4Ibt9HomM6KAcyjvRwsOGeKDg2E2GxIldA),newplot - 2025-04-17T135231.142.png (https://v5.airtableusercontent.com/v3/u/40/40/1745337600000/qHjHev_aWkkRRuRISe9qNg/6S4Z3mR4JS5fR006Q2ytNE3XFZ129VHxP1K61Ef_wVPCA08iPsUc21aPk1y62RIKtmT-_RRlJYCFUcpV34YqMl970CrgMnWXCIcIKnPA6bYi0n0nbYMBGbZU5GfIjJ-wZD3tUec43TPrnN8C9Tsq9emnxQ78nK3O4Dz5kNNrVz7hA6pJLhAWS3Lbbjm6TiZN/BxM66KJWQ6Qf4Q1suYI49q4sI4DMGb-LtkSTShcoQNg)
"Lightweight Linen (LN150) 
 ✅",LN150,Woven,,55.0,100.6340%,106.1008%,-0.63%,-5.75%,3/28/2025,,-3.0,"LN150 Previous Compensation-02-14-2025,LN150 Current Compensation-03-28-2025",No proposed change - Ivan 04/17/25,newplot (42).png (https://v5.airtableusercontent.com/v3/u/40/40/1745337600000/YXoGPQ6s7siaGengj77tZQ/lghuYcK8UY1QFMsJ3DLT9Avj29orB4oMSMMf6_Xk_xtu_xsTOb2piQAQBJS18Ksf5UAh0UVbZJ79sV9kEYKnX7h_Eo9kgL9a5h67Il3Vgg00Jlmzwzm_fIsEeQVBQKOL5UdU6aywkzV54ucuUtlsNcPgNwL8q3N_wdZcWhDMbbg/kmp2v4CtPlW8cmqhA6W_uRiHck8tK8vhhjqhCUdsJz0),newplot (41).png (https://v5.airtableusercontent.com/v3/u/40/40/1745337600000/2DPUsViaTSE4eeeikglHyA/8HkJdrTYfnWaJyYpMF3P4l9FIh2PRgQ2xaGNrSZSRFk1ttZbyWgWmQw9cqoohbLmCeoc1uJN1HMGkOidlNOy4UDACqonrlSbZSLs3eJAq0kCC_h3cEwjcbvjwudZ1a1eYjfnun4wIb-YmI9xTahfbwZxyJy9NdwUNyUZqQX7bjI/04yCuAp7lXYUVVTppH2rACxU7ZoqpjVr7DC4z7lsZjM),newplot (44).png (https://v5.airtableusercontent.com/v3/u/40/40/1745337600000/3G9YLRq_r2CwOo-g4Pp5Sw/AAAtb9sI6YVcVV6L3y8v2iEPYw4IttdjDUGhJJTfWQqw2h4lqLAnrBhTSj6FJ589nGl7QBi-5pPHOGkDdzhOaQFQnuGsxwo_jErdGLSa_ns_0MBLkxPGULQpLaKoXeEi-ceHZkVnbsuh5FpuA-73lqjMF6oElGZfv3NbG6JE-a4/TYm9TMGo6X91fM6eVIITFkSvilolXPajT-wfW0U-6oU),newplot (43).png (https://v5.airtableusercontent.com/v3/u/40/40/1745337600000/MwWE3xB09XOSIlrQGkfrDQ/eLAQfOduQpy6HBPgBMrFILe-nDW90XcYKfO-j_1MfmOg6PHhyxg_yzIRCW09ngJ35WzjvHqqs5lujISJcyJbb14X2_EnNwyDa2cID4ixlRysFwojxxbKm2gffw4OUq_ANvgyWJnZoA4TlPLxfltROvL_AzieBg2KmxxjiBNF2Gk/baQDaec8p0ZGmX6MUhrFAX_BEw3591BPhH5QShUEWQo)
"Lightweight Linen (LN135) 
 ✅",LN135,Woven,,54.5,100.5025%,108.4599%,-0.50%,-7.80%,4/17/2025,57.0,54.0,"LN135 Previous Compensation-12-11-2023,LN135 Previous Compensation-01-01-2023,LN135 Current Compensation-04-17-2025",,newplot (86).png (https://v5.airtableusercontent.com/v3/u/40/40/1745337600000/lExURQbYJYC1UM95N0gvUg/d8-El13gzKOAWaswRdxSii4A16DDyO-5zLSSuBE1wGqaGMTk5NvM5IrapAZdGCHJopdiProGuaIbCVdppJIquEYj2D2ewDNG0IYMm5prWEYAwOfOFnyjkQi36TPxUXF5ooQw97mFtDuz8xaeIHPIgZj4ry4l_WULMCs0YAwOVO0/Guly-d8lGPRBnckTejliFR8iobotJ756l1jch9TI66U),newplot (85).png (https://v5.airtableusercontent.com/v3/u/40/40/1745337600000/5QSP50Bi5XlhPs6LpN8ZhA/d57oVBy-_XvGDUMsYhTDxnFeX_8XVA_O5ltnZVMxF721Jsmj3QhgGSHAgWe6lK8w4m8-lkg8qShepuvtG-T-cnD99lyFMIjBiYfyzSudVvlpv9AIRgRyOS5Brgo3H7dV1zBnYJAGp3_q6FGObELTjl4q071f2ig2NgnDVAiRDmg/KPbdfHXnlV_inQngH8XNlavE9a2xZ_l3IQgwnAsBDrQ),newplot (88).png (https://v5.airtableusercontent.com/v3/u/40/40/1745337600000/PqGBhjOSQ8Bhhjuarz_kqQ/dpfSYWgaWwgvbyvRXf1OO-I321tmXt-bq-TsRz0ULCa4MIxukUFyJ_kAaol8Sux7HvNEvd-8DQGveFkmLvXBn0XgnCr567Afe7TLSajkpRx0wvsgqfPNVG6JWysi2DxZOOBZ-RDu6bFaeJST8zVxTJjb5VwLECTXZf7fvdKpruo/1HrOOBFS-6vgR3r8GQKvcH7z5UWAhKNd5PZAh09Dsgs),newplot (87).png (https://v5.airtableusercontent.com/v3/u/40/40/1745337600000/EMEPc85Hu2mwJHZbwOZ6sQ/bkSVK8w5q0dUsH4KMycv3sLd1wwu4S9dtunjBq9qVuWFWLKo4x7XZkgYlFTPiV9Oe9ft13zK_eUGUqCchRLl3tk9AiS3ZwiWSLhIcbcyBFXabMOYljBYuZdpc24EI4rbdEwF_Kchl0pnQrrFf7vkXiNPz9Il4YNoKJHMxguojec/XH4GtiUJnGhJw-1AtEFTzVhfTM1sPR0VCsLZmaImAcs)
"Lightweight Plain Hemp (HM122) 
 ✅",HM122,Woven,,54.0,100.0000%,108.8495%,0.00%,-8.13%,4/7/2025,56.5,53.5,,,,,,
"Heavy Stretch Cotton Canvas (STCAN) 
 ✅",STCAN,Woven,,58.0,99.5025%,109.2896%,0.50%,-8.50%,1/21/2025,60.5,57.5,STCAN Current Compensation-01-21-2025,,,,,
"Organic Compact Cotton Twill  (COMCT) 
 ✅",COMCT,Woven,,58.0,98.9120%,102.3437%,1.10%,-2.29%,2/22/2024,60.5,57.5,COMCT Current Compensation-02-22-2024,Small sample size - Ivan 04/17/25,newplot - 2025-04-17T101335.304.png (https://v5.airtableusercontent.com/v3/u/40/40/1745337600000/Tu8fGeQX6NFnjJXyHl0taw/6CMFGMBu5UlMRPSzQlOyFpkhoyFldOG1XCrX6xtnYRLjjnE-HWHYywifYvQuXqVBcC66q_N10zpzeuZQkgIQdAyK7ciEfmkM628uycR2IffjhTQNeCc13NpkUHrfo-Yptxh6Hp-kXDfNjioSdjLxeGle8yl05QbAlAfdx4vmZD6y-tOaKZBVZ8fGZ-aEkKIG/tHz5RCpzd-ilgtSsXFi30bNOTJ9esILNcC86fipjBEc),newplot - 2025-04-17T101334.337.png (https://v5.airtableusercontent.com/v3/u/40/40/1745337600000/ilgfnt8kDTBGZHpyIKKLzg/EWeqDnq2xFcXxaHcqxtMMZxaQZsWXL8OcCymdAWui2sk5cHXcSa0zQpbel4_5UB--e70fvlPkWuQxgXDUfPwBAufbQV5cuL-i_EpxbRp1M9EBzZN-Ip_lcyAwE4m-QPzX4zbw8doJ2Lfg8XoVJoXaHQODHlNklDNrpU5uSFnZk-6v7eh5FVPwwCX_hmSkbRU/pmdy730dpJaVgmZxZCsAxEZSdnnWq9iZgwUplG5lGng),newplot - 2025-04-17T101337.997.png (https://v5.airtableusercontent.com/v3/u/40/40/1745337600000/ySJ-oHXRMHcnExQ9tPWxNg/y3n0p6KluWnkap1JW5A-LVA6qS3rMnU4iifthfk6lyAn5YETDd4-Xd-LVzAz8MhTtlDc5IStaBL8cMLQiOroMZ5SPsTS1a9eamBfIcaHirMmNukt5JqHvwbLyB912bvD5iGczD78laONiKPoIMstGAD06KZS3dnhY8WCIlYc5pqtYwR2AkqD96zm754v17aO/SJw1F0pCcwpYuR3RvZAfRv65KUGT-XH2N8nObNZe_2Y),newplot - 2025-04-17T101336.904.png (https://v5.airtableusercontent.com/v3/u/40/40/1745337600000/PuZO_Yg6bEmy5s_ahhq3yw/d0G0ipws-1zmazdCxJ7wU5T1O6N-ePsAkqVl6AIIvoMQZCVsEeNNybdF07iYyUOc7wfR--A58_6Ccn_UyoA5dgY2KUXHqM4VrEmzxfqfftYeiBamRGj87HVSss_kapbaGkTawm_iunDj1vz1v16W0pHefaRg6PvklomaqC9vqEka8OEVs_9csUtPFRtAGIg3/JKDA1zbJVPjvC8Ci0RHEveFSjv1zXj8udCn2_YO82HM)
"Pima Cotton Poplin (PIMA7) 
 ✅",PIMA7,Woven,,59.0,98.7654%,104.5806%,1.25%,-4.38%,3/28/2025,61.5,58.5,"PIMA7 Previous Compensation-03-28-2025,PIMA7 Current Compensation-03-28-2025,PIMA7 Previous Compensation-01-21-2025",,newplot (46).png (https://v5.airtableusercontent.com/v3/u/40/40/1745337600000/IekBZt_mh3UzfqTBeaaQyw/adt3otTehToDr65g-e8ff3GQcegnzDZGno_lHu-9fIsiNrY0idv9HkxdL0R_A9OXNmmXHtO6UuLhNeTGX3hIm4Mg6wZQ5BXT1wXDthkBLiqYmY89U1uEroTJl6XgX2JMnfexg2kN49VWjRYtYXqHBS6-JcKgTZWEjBJDNGH6owI/wafOuR3taBrdes2z357FyRc2nYnJ5NxUtVLaRJRoztU),newplot (45).png (https://v5.airtableusercontent.com/v3/u/40/40/1745337600000/g2GO0xJjVNF6cCqUZpJSOw/DuoZR6fIA9GhPiwdWWW9j7WSBVZvhcwAoV_g0wfH43NXnn5o6TEAjoKhE_a6EZnrOZ0Y3XOc7OXgWrHsxMWGRW1fgLK8GoACF35_HK6Yy1P4qOz1HQ4T2RORm4ZypUT13eG8yl_gTA48kSNvCQVt296PJ8kSUuOIrH6Qeg3dBoM/RBSrqQrafK2TsARByDmgHPjwOVVzA4FY1OxPbvWs62c),newplot (48).png (https://v5.airtableusercontent.com/v3/u/40/40/1745337600000/qD_vUaH0pMSjVR6VXubO6Q/u2ZrjzknTLhxLEkog6IWIKNaUmTtWgCYxtACPfwYS-0EVuuthGnKuy0bx5aYKeN0DSUE7b4FXkLH92H0Z4yBfxkxTDlepmTYYSIgId0bAqfNeuQP4sGu3WqIDKKxWWXKcqPFC4xVrwae6RUNOw09Dn7cORiXPLwRmeHX2W6eYy0/eWlTAnVMYuNe-xCgOU_ESrDK069uT1MGkP32I5shE8g),newplot (47).png (https://v5.airtableusercontent.com/v3/u/40/40/1745337600000/54N4iVDh58noI-a22UCIkg/p92Oz-hJdT2kTlsu-zPcDsZkacxFnNIurpnYSekgUyGr9kGkSH3cuLlxABWjaWg-Zl6m3GrAhB5caf2WPUZxR0tS2bZwcw65z0-dJAWvuC2177I-N-GdGFvfoa3aruKynR2bvHIF1pATavgfmuIVy07uJLwlYlR1dU_t2Z0NUOk/lF1C3WzDSPGg-DxLNm-Z8t9h6HPVyS6NukQnnDtDGAo)
"Cotton-Spandex Lightweight Jersey (CTJ95) 
 ✅",CTJ95,Knit,2.0,62.5,170.9402%,111.1111%,-41.50%,-10.00%,2/22/2024,65.0,62.0,CTJ95 Current Compensation-02-22-2024,,,,,
"Bamboo Cotton Jersey (CTNBA) 
 ✅",CTNBA,Knit,1.5,61.5,166.6667%,112.3596%,-40.00%,-11.00%,1/24/2025,64.0,61.0,CTNBA Current Compensation-01-24-2025,,,,,
"Rayon Spandex (RYNSP) 
 ✅",RYNSP,Knit,2.0,53.0,166.6667%,107.7470%,-40.00%,-7.19%,3/27/2025,53.5,50.5,,,,,,
"Rayon French Terry  (RYNFT) 
 ✅",RYNFT,Knit,2.0,52.0,153.8462%,105.2632%,-35.00%,-5.00%,4/7/2025,,-3.0,,,,,,
"French Terry Cotton Spandex (CTSFT) 
 ✅",CTSFT,Knit,2.0,55.0,148.8317%,100.0000%,-32.81%,0.00%,4/7/2025,,-3.0,,,,,,
"Organic Cotton Spandex (WCTNS) 
 ✅",WCTNS,Knit,1.0,64.5,147.7105%,100.3110%,-32.30%,-0.31%,2/22/2024,67.5,64.5,WCTNS Current Compensation-02-22-2024,,,,,
"Fleece Back Stretch Organic Terry (FBTRY) 
 ✅",FBTRY,Knit,1.0,62.0,142.8571%,116.2791%,-30.00%,-14.00%,2/22/2024,64.5,61.5,FBTRY Current Compensation-02-22-2024,,,,,
"Cotton Spandex Grey (CTNSP) 
 ✅",CTNSP,Knit,1.0,62.0,140.6470%,102.5641%,-28.90%,-2.50%,2/22/2024,64.5,61.5,CTNSP Current Compensation-02-22-2024,,,,,
"Heavy Rayon Jersey (RYJHV) 
 ✅",RYJHV,Knit,,63.0,140.3509%,107.3883%,-28.75%,-6.88%,4/7/2025,65.5,62.5,,,,,,
"Tencel Spandex Jersey (TNSPJ) 
 ✅",TNSPJ,Knit,1.5,62.0,138.8889%,104.4386%,-28.00%,-4.25%,1/13/2025,65.0,62.0,TNSPJ Current Compensation-01-14-2025,,,,,
"Organic Cotton Pique (PIQUE) 
 ✅",PIQUE,Knit,2.0,53.0,138.8889%,104.6025%,-28.00%,-4.40%,2/22/2024,56.0,53.0,PIQUE Current Compensation-02-22-2024,,,,,
"Organic Cotton Thermal  (OCTHR) 
 ✅",OCTHR,Knit,1.0,55.0,130.0898%,95.8038%,-23.13%,4.38%,4/7/2025,62.5,59.5,,,,,,
"Organic Cotton Crepe Jersey (OCTCJ) 
 ✅",OCTCJ,Knit,1.5,54.0,127.8772%,108.2251%,-21.80%,-7.60%,2/22/2024,57.0,54.0,OCTCJ Current Compensation-02-22-2024,,,,,
"Cotton Baby Jersey (CTNBJ) 
 ✅",CTNBJ,Knit,2.0,53.0,125.0000%,111.1111%,-20.00%,-10.00%,3/27/2025,54.5,51.5,,,,,,
"Organic Cotton Spandex French Terry (CFT97) 
 ✅",CFT97,Knit,2.0,59.0,125.0000%,115.9420%,-20.00%,-13.75%,2/22/2024,61.5,58.5,CFT97 Current Compensation-02-22-2024,,,,,
"Organic Cotton Ponte (CTNPT) 
 ✅",CTNPT,Knit,1.0,58.0,125.0000%,103.8961%,-20.00%,-3.75%,2/22/2024,61.0,58.0,CTNPT Current Compensation-02-22-2024,,,,,
"Cotton Fleece  (CTFLE) 
 ✅",CTFLE,Knit,2.0,52.5,124.5330%,108.8495%,-19.70%,-8.13%,4/7/2025,68.0,65.0,,,,,,
"Heavy French Terry White (CTF19) 
 ✅",CTF19,Knit,1.0,64.0,123.7624%,107.8167%,-19.20%,-7.25%,2/22/2024,66.5,63.5,CTF19 Current Compensation-02-22-2024,,,,,
"Cotton 20's Jersey (CTN2J) 
 ✅",CTN2J,Knit,,58.0,123.0769%,108.4716%,-18.75%,-7.81%,4/7/2025,60.5,57.5,,,,,,
"Heavy French Terry Grey (CFTGR) 
 ✅",CFTGR,Knit,1.0,65.5,121.9512%,103.3592%,-18.00%,-3.25%,2/22/2024,68.0,65.0,CFTGR Current Compensation-02-22-2024,,,,,
"Lightweight Jersey 160 (CT160) 
 ✅",CT160,Knit,2.0,58.0,121.6693%,103.5626%,-17.81%,-3.44%,3/27/2025,66.0,63.0,,,,,,
"Cotton Jersey Knit (CTJRK) 
 ✅",CTJRK,Knit,2.0,47.0,119.4030%,106.6667%,-16.25%,-6.25%,4/7/2025,,-3.0,,,,,,
"Organic Cotton Jersey (CT170) 
 ✅",CT170,Knit,2.0,49.0,119.0476%,108.4599%,-16.00%,-7.80%,2/22/2024,51.5,48.5,CT170 Current Compensation-02-22-2024,,,,,
"Rayon Stretch (RYJ01) 
 ✅",RYJ01,Woven,3.0,62.0,106.6667%,133.3333%,-6.25%,-25.00%,3/31/2025,64.5,61.5,"RYJ01 Previous Compensation-02-22-2024,RYJ01 Previous Compensation-02-22-2024,RYJ01 Current Compensation-03-31-2025",,,,,