roll_name,material_code,mill_lot,shipment_arrive_date,width_avg_mm,sequence_number
R44316: CDCBM,CDCBM,CDCBM (PO-5928),2022-11-08,1400.0,1
R45113: CDCBM,CDCBM,CDCBM (PO-5928),2022-11-08,1400.0,1
R44420: CDCBM,CDCBM,CDCBM (PO-5928),2022-11-08,1396.7,1
R45253: CDCBM,CDCBM,CDCBM (PO-5928),2022-11-08,1396.7,1
R45243: CDCBM,CDCBM,CDCBM (PO-5928),2022-11-08,1396.65,1
R44407: CDCBM,CDCBM,CDCBM (PO-5928),2022-11-08,1393.35,1
R44447: CDCBM,CDCBM,CDCBM (PO-5928),2022-11-08,1390.0,1
R44302: CDCBM,CDCBM,CDCBM (PO-5928),2022-11-08,1388.35,1
R45156: CDCBM,CDCBM,CDCBM (PO-5928),2022-11-08,1386.7,1
R34965: CDCBM,CDCBM,CDCBM (PO-5928),2022-11-08,1370.0,2
R42518: CDCBM,CDCBM,CDCBM (PO-5928),2022-11-08,,3
R43358: CDCBM,CDCBM,CDCBM (PO-5928),2022-11-08,,4
R40283: CDCBM,CDCBM,CDCBM (PO-6186),2023-02-13,1453.3,5
R53088: CDCBM,CDCBM,CDCBM (PO-6186),2023-02-13,1433.3,5
R52230: CDCBM,CDCBM,CDCBM (PO-6186),2023-02-13,1430.0,6
R50138: CDCBM,CDCBM,CDCBM (PO-6186),2023-02-13,1410.0,7
R40282: CDCBM,CDCBM,CDCBM (PO-6186),2023-02-13,1405.0,7
R48982: CDCBM,CDCBM,CDCBM (PO-6186),2023-02-13,1405.0,7
R45821: CDCBM,CDCBM,CDCBM (PO-6186),2023-02-13,1403.3,7
R46499: CDCBM,CDCBM,CDCBM (PO-6186),2023-02-13,1403.3,7
R46610: CDCBM,CDCBM,CDCBM (PO-6186),2023-02-13,1403.3,7
R46673: CDCBM,CDCBM,CDCBM (PO-6186),2023-02-13,1403.3,7
R40279: CDCBM,CDCBM,CDCBM (PO-6186),2023-02-13,1400.0,7
R40288: CDCBM,CDCBM,CDCBM (PO-6186),2023-02-13,1400.0,7
R40307: CDCBM,CDCBM,CDCBM (PO-6186),2023-02-13,1400.0,7
R40318: CDCBM,CDCBM,CDCBM (PO-6186),2023-02-13,1400.0,7
R40327: CDCBM,CDCBM,CDCBM (PO-6186),2023-02-13,1400.0,7
R40329: CDCBM,CDCBM,CDCBM (PO-6186),2023-02-13,1400.0,7
R40341: CDCBM,CDCBM,CDCBM (PO-6186),2023-02-13,1400.0,7
R40343: CDCBM,CDCBM,CDCBM (PO-6186),2023-02-13,1400.0,7
R40347: CDCBM,CDCBM,CDCBM (PO-6186),2023-02-13,1400.0,7
R45191: CDCBM,CDCBM,CDCBM (PO-6186),2023-02-13,1400.0,7
R46039: CDCBM,CDCBM,CDCBM (PO-6186),2023-02-13,1400.0,7
R47307: CDCBM,CDCBM,CDCBM (PO-6186),2023-02-13,1400.0,7
R49234: CDCBM,CDCBM,CDCBM (PO-6186),2023-02-13,1400.0,7
R49352: CDCBM,CDCBM,CDCBM (PO-6186),2023-02-13,1400.0,7
R49616: CDCBM,CDCBM,CDCBM (PO-6186),2023-02-13,1400.0,7
R49701: CDCBM,CDCBM,CDCBM (PO-6186),2023-02-13,1400.0,7
R50284: CDCBM,CDCBM,CDCBM (PO-6186),2023-02-13,1400.0,7
R50337: CDCBM,CDCBM,CDCBM (PO-6186),2023-02-13,1400.0,7
R50519: CDCBM,CDCBM,CDCBM (PO-6186),2023-02-13,1400.0,7
R50751: CDCBM,CDCBM,CDCBM (PO-6186),2023-02-13,1400.0,7
R51227: CDCBM,CDCBM,CDCBM (PO-6186),2023-02-13,1400.0,7
R51814: CDCBM,CDCBM,CDCBM (PO-6186),2023-02-13,1400.0,7
R51904: CDCBM,CDCBM,CDCBM (PO-6186),2023-02-13,1400.0,7
R52040: CDCBM,CDCBM,CDCBM (PO-6186),2023-02-13,1400.0,7
R53023: CDCBM,CDCBM,CDCBM (PO-6186),2023-02-13,1400.0,7
R53123: CDCBM,CDCBM,CDCBM (PO-6186),2023-02-13,1400.0,7
R55383: CDCBM,CDCBM,CDCBM (PO-6186),2023-02-13,1400.0,7
R55468: CDCBM,CDCBM,CDCBM (PO-6186),2023-02-13,1400.0,7
R40294: CDCBM,CDCBM,CDCBM (PO-6186),2023-02-13,1398.35,7
R40320: CDCBM,CDCBM,CDCBM (PO-6186),2023-02-13,1396.7,7
R40346: CDCBM,CDCBM,CDCBM (PO-6186),2023-02-13,1396.7,7
R46597: CDCBM,CDCBM,CDCBM (PO-6186),2023-02-13,1396.7,7
R49076: CDCBM,CDCBM,CDCBM (PO-6186),2023-02-13,1396.7,7
R53485: CDCBM,CDCBM,CDCBM (PO-6186),2023-02-13,1396.7,7
R45082: CDCBM,CDCBM,CDCBM (PO-6186),2023-02-13,1395.0,7
R49021: CDCBM,CDCBM,CDCBM (PO-6186),2023-02-13,1395.0,7
R40337: CDCBM,CDCBM,CDCBM (PO-6186),2023-02-13,1394.0,7
R40313: CDCBM,CDCBM,CDCBM (PO-6186),2023-02-13,1393.3,7
R45680: CDCBM,CDCBM,CDCBM (PO-6186),2023-02-13,1393.3,7
R46054: CDCBM,CDCBM,CDCBM (PO-6186),2023-02-13,1393.3,7
R47553: CDCBM,CDCBM,CDCBM (PO-6186),2023-02-13,1393.3,7
R52176: CDCBM,CDCBM,CDCBM (PO-6186),2023-02-13,1393.3,7
R52513: CDCBM,CDCBM,CDCBM (PO-6186),2023-02-13,1393.3,7
R54929: CDCBM,CDCBM,CDCBM (PO-6186),2023-02-13,1393.3,7
R40228: CDCBM,CDCBM,CDCBM (PO-6186),2023-02-13,1390.0,8
R40297: CDCBM,CDCBM,CDCBM (PO-6186),2023-02-13,1390.0,8
R40310: CDCBM,CDCBM,CDCBM (PO-6186),2023-02-13,1390.0,8
R40309: CDCBM,CDCBM,CDCBM (PO-6186),2023-02-13,1390.0,8
R45863: CDCBM,CDCBM,CDCBM (PO-6186),2023-02-13,1390.0,8
R47068: CDCBM,CDCBM,CDCBM (PO-6186),2023-02-13,1390.0,8
R49436: CDCBM,CDCBM,CDCBM (PO-6186),2023-02-13,1390.0,8
R51310: CDCBM,CDCBM,CDCBM (PO-6186),2023-02-13,1390.0,8
R53901: CDCBM,CDCBM,CDCBM (PO-6186),2023-02-13,1390.0,8
R55534: CDCBM,CDCBM,CDCBM (PO-6186),2023-02-13,1390.0,8
R40290: CDCBM,CDCBM,CDCBM (PO-6186),2023-02-13,1385.0,8
R53201: CDCBM,CDCBM,CDCBM (PO-6186),2023-02-13,1385.0,8
R52458: CDCBM,CDCBM,CDCBM (PO-6186),2023-02-13,1383.3,8
R40292: CDCBM,CDCBM,CDCBM (PO-6186),2023-02-13,1380.0,8
R47231: CDCBM,CDCBM,CDCBM (PO-6186),2023-02-13,1380.0,8
R47342: CDCBM,CDCBM,CDCBM (PO-6186),2023-02-13,1380.0,8
R47394: CDCBM,CDCBM,CDCBM (PO-6186),2023-02-13,1380.0,8
R47882: CDCBM,CDCBM,CDCBM (PO-6186),2023-02-13,1380.0,8
R40316: CDCBM,CDCBM,CDCBM (PO-6186),2023-02-13,1379.0,8
R47961: CDCBM,CDCBM,CDCBM (PO-6186),2023-02-13,1373.3,8
R40324: CDCBM,CDCBM,CDCBM (PO-6186),2023-02-13,938.0,9
R40237: CDCBM,CDCBM,CDCBM (PO-6186),2023-02-13,,10
R40243: CDCBM,CDCBM,CDCBM (PO-6186),2023-02-13,,11
R40256: CDCBM,CDCBM,CDCBM (PO-6186),2023-02-13,,12
R40260: CDCBM,CDCBM,CDCBM (PO-6186),2023-02-13,,13
R40268: CDCBM,CDCBM,CDCBM (PO-6186),2023-02-13,,14
R40277: CDCBM,CDCBM,CDCBM (PO-6186),2023-02-13,,15
R47203: CHRST,CHRST,CT406 (PO-5786),2023-01-23,1363.3,1
R43983: CHRST,CHRST,CHRST (PO-6187),2023-02-13,1370.0,2
R45687: CHRST,CHRST,CHRST (PO-6187),2023-02-13,1370.0,2
R46611: CHRST,CHRST,CHRST (PO-6187),2023-02-13,1293.3,3
R43768: CHRST,CHRST,CHRST (PO-6187),2023-02-13,,4
R44750: CHRST,CHRST,CHRST (PO-6187),2023-02-13,,5
R45112: CHRST,CHRST,CHRST (PO-6187),2023-02-13,,6
R45221: CHRST,CHRST,CHRST (PO-6187),2023-02-13,,7
R45240: CHRST,CHRST,CHRST (PO-6187),2023-02-13,,8
R45839: CHRST,CHRST,CHRST (PO-6187),2023-02-13,,9
R46113: CHRST,CHRST,CHRST (PO-6187),2023-02-13,,10
R45706: CHRST,CHRST,CHRST (PO-7145),2023-09-05,1400.0,11
R52297: CHRST,CHRST,CHRST (PO-7145),2023-09-05,1400.0,11
R49913: CHRST,CHRST,CHRST (PO-7145),2023-09-05,1390.0,11
R53294: CHRST,CHRST,CHRST (PO-7145),2023-09-05,1390.0,11
R46644: CHRST,CHRST,CHRST (PO-7145),2023-09-05,1383.35,12
R50512: CHRST,CHRST,CHRST (PO-7145),2023-09-05,1380.0,12
R45734: CHRST,CHRST,CHRST (PO-7145),2023-09-05,1373.3,12
R47235: CHRST,CHRST,CHRST (PO-7145),2023-09-05,1373.3,12
R45735: CHRST,CHRST,CHRST (PO-7145),2023-09-05,1370.0,12
R49589: CHRST,CHRST,CHRST (PO-7145),2023-09-05,1366.7,12
R45730: CHRST,CHRST,CHRST (PO-7145),2023-09-05,1363.3,13
R45701: CHRST,CHRST,CHRST (PO-7145),2023-09-05,,14
R45702: CHRST,CHRST,CHRST (PO-7145),2023-09-05,,15
R45709: CHRST,CHRST,CHRST (PO-7145),2023-09-05,,16
R45710: CHRST,CHRST,CHRST (PO-7145),2023-09-05,,17
R45716: CHRST,CHRST,CHRST (PO-7145),2023-09-05,,18
R45717: CHRST,CHRST,CHRST (PO-7145),2023-09-05,,19
R45720: CHRST,CHRST,CHRST (PO-7145),2023-09-05,,20
R45723: CHRST,CHRST,CHRST (PO-7145),2023-09-05,,21
R45724: CHRST,CHRST,CHRST (PO-7145),2023-09-05,,22
R45727: CHRST,CHRST,CHRST (PO-7145),2023-09-05,,23
R55542: CHRST,CHRST,CHRST (PO-7145),2023-09-22,1450.0,24
R46002: CHRST,CHRST,CHRST (PO-7145),2023-09-22,1423.3,25
R46027: CHRST,CHRST,CHRST (PO-7145),2023-09-22,1410.0,25
R49658: CHRST,CHRST,CHRST (PO-7145),2023-09-22,1410.0,25
R54099: CHRST,CHRST,CHRST (PO-7145),2023-09-22,1406.7,25
R46020: CHRST,CHRST,CHRST (PO-7145),2023-09-22,1403.3,26
R53462: CHRST,CHRST,CHRST (PO-7145),2023-09-22,1403.3,26
R46004: CHRST,CHRST,CHRST (PO-7145),2023-09-22,1401.65,26
R45893: CHRST,CHRST,CHRST (PO-7145),2023-09-22,1400.0,26
R45900: CHRST,CHRST,CHRST (PO-7145),2023-09-22,1400.0,26
R45903: CHRST,CHRST,CHRST (PO-7145),2023-09-22,1400.0,26
R45925: CHRST,CHRST,CHRST (PO-7145),2023-09-22,1400.0,26
R45987: CHRST,CHRST,CHRST (PO-7145),2023-09-22,1400.0,26
R45986: CHRST,CHRST,CHRST (PO-7145),2023-09-22,1400.0,26
R45988: CHRST,CHRST,CHRST (PO-7145),2023-09-22,1400.0,26
R46021: CHRST,CHRST,CHRST (PO-7145),2023-09-22,1400.0,26
R46026: CHRST,CHRST,CHRST (PO-7145),2023-09-22,1400.0,26
R46029: CHRST,CHRST,CHRST (PO-7145),2023-09-22,1400.0,26
R50133: CHRST,CHRST,CHRST (PO-7145),2023-09-22,1400.0,26
R50449: CHRST,CHRST,CHRST (PO-7145),2023-09-22,1400.0,26
R50699: CHRST,CHRST,CHRST (PO-7145),2023-09-22,1400.0,26
R51154: CHRST,CHRST,CHRST (PO-7145),2023-09-22,1400.0,26
R52044: CHRST,CHRST,CHRST (PO-7145),2023-09-22,1400.0,26
R45894: CHRST,CHRST,CHRST (PO-7145),2023-09-22,1396.7,26
R45940: CHRST,CHRST,CHRST (PO-7145),2023-09-22,1396.7,26
R45947: CHRST,CHRST,CHRST (PO-7145),2023-09-22,1396.7,26
R46025: CHRST,CHRST,CHRST (PO-7145),2023-09-22,1396.7,26
R49355: CHRST,CHRST,CHRST (PO-7145),2023-09-22,1396.7,26
R52013: CHRST,CHRST,CHRST (PO-7145),2023-09-22,1396.7,26
R55575: CHRST,CHRST,CHRST (PO-7145),2023-09-22,1396.7,26
R45875: CHRST,CHRST,CHRST (PO-7145),2023-09-22,1395.0,26
R45960: CHRST,CHRST,CHRST (PO-7145),2023-09-22,1393.35,26
R48854: CHRST,CHRST,CHRST (PO-7145),2023-09-22,1393.3,26
R52169: CHRST,CHRST,CHRST (PO-7145),2023-09-22,1393.3,26
R52452: CHRST,CHRST,CHRST (PO-7145),2023-09-22,1393.3,26
R45966: CHRST,CHRST,CHRST (PO-7145),2023-09-22,1391.7,26
R45883: CHRST,CHRST,CHRST (PO-7145),2023-09-22,1391.65,26
R45969: CHRST,CHRST,CHRST (PO-7145),2023-09-22,1391.65,26
R45971: CHRST,CHRST,CHRST (PO-7145),2023-09-22,1391.65,26
R45891: CHRST,CHRST,CHRST (PO-7145),2023-09-22,1390.85,26
R45885: CHRST,CHRST,CHRST (PO-7145),2023-09-22,1390.0,26
R45887: CHRST,CHRST,CHRST (PO-7145),2023-09-22,1390.0,26
R45905: CHRST,CHRST,CHRST (PO-7145),2023-09-22,1390.0,26
R45911: CHRST,CHRST,CHRST (PO-7145),2023-09-22,1390.0,26
R45913: CHRST,CHRST,CHRST (PO-7145),2023-09-22,1390.0,26
R45912: CHRST,CHRST,CHRST (PO-7145),2023-09-22,1390.0,26
R45916: CHRST,CHRST,CHRST (PO-7145),2023-09-22,1390.0,26
R45918: CHRST,CHRST,CHRST (PO-7145),2023-09-22,1390.0,26
R45919: CHRST,CHRST,CHRST (PO-7145),2023-09-22,1390.0,26
R45920: CHRST,CHRST,CHRST (PO-7145),2023-09-22,1390.0,26
R45923: CHRST,CHRST,CHRST (PO-7145),2023-09-22,1390.0,26
R45924: CHRST,CHRST,CHRST (PO-7145),2023-09-22,1390.0,26
R45926: CHRST,CHRST,CHRST (PO-7145),2023-09-22,1390.0,26
R45927: CHRST,CHRST,CHRST (PO-7145),2023-09-22,1390.0,26
R45928: CHRST,CHRST,CHRST (PO-7145),2023-09-22,1390.0,26
R45929: CHRST,CHRST,CHRST (PO-7145),2023-09-22,1390.0,26
R45930: CHRST,CHRST,CHRST (PO-7145),2023-09-22,1390.0,26
R45931: CHRST,CHRST,CHRST (PO-7145),2023-09-22,1390.0,26
R45933: CHRST,CHRST,CHRST (PO-7145),2023-09-22,1390.0,26
R45934: CHRST,CHRST,CHRST (PO-7145),2023-09-22,1390.0,26
R45936: CHRST,CHRST,CHRST (PO-7145),2023-09-22,1390.0,26
R45935: CHRST,CHRST,CHRST (PO-7145),2023-09-22,1390.0,26
R45937: CHRST,CHRST,CHRST (PO-7145),2023-09-22,1390.0,26
R45939: CHRST,CHRST,CHRST (PO-7145),2023-09-22,1390.0,26
R45944: CHRST,CHRST,CHRST (PO-7145),2023-09-22,1390.0,26
R45946: CHRST,CHRST,CHRST (PO-7145),2023-09-22,1390.0,26
R45948: CHRST,CHRST,CHRST (PO-7145),2023-09-22,1390.0,26
R45950: CHRST,CHRST,CHRST (PO-7145),2023-09-22,1390.0,26
R45954: CHRST,CHRST,CHRST (PO-7145),2023-09-22,1390.0,26
R45983: CHRST,CHRST,CHRST (PO-7145),2023-09-22,1390.0,26
R45999: CHRST,CHRST,CHRST (PO-7145),2023-09-22,1390.0,26
R46001: CHRST,CHRST,CHRST (PO-7145),2023-09-22,1390.0,26
R46023: CHRST,CHRST,CHRST (PO-7145),2023-09-22,1390.0,26
R49502: CHRST,CHRST,CHRST (PO-7145),2023-09-22,1390.0,26
R50060: CHRST,CHRST,CHRST (PO-7145),2023-09-22,1390.0,26
R51669: CHRST,CHRST,CHRST (PO-7145),2023-09-22,1390.0,26
R45932: CHRST,CHRST,CHRST (PO-7145),2023-09-22,1388.35,26
R45964: CHRST,CHRST,CHRST (PO-7145),2023-09-22,1388.35,26
R45914: CHRST,CHRST,CHRST (PO-7145),2023-09-22,1386.7,26
R49096: CHRST,CHRST,CHRST (PO-7145),2023-09-22,1386.7,26
R49875: CHRST,CHRST,CHRST (PO-7145),2023-09-22,1386.7,26
R55467: CHRST,CHRST,CHRST (PO-7145),2023-09-22,1386.7,26
R45880: CHRST,CHRST,CHRST (PO-7145),2023-09-22,1386.65,26
R45881: CHRST,CHRST,CHRST (PO-7145),2023-09-22,1386.65,26
R45962: CHRST,CHRST,CHRST (PO-7145),2023-09-22,1386.65,26
R45972: CHRST,CHRST,CHRST (PO-7145),2023-09-22,1386.65,26
R45982: CHRST,CHRST,CHRST (PO-7145),2023-09-22,1386.65,26
R47969: CHRST,CHRST,CHRST (PO-7145),2023-09-22,1386.65,26
R45956: CHRST,CHRST,CHRST (PO-7145),2023-09-22,1385.0,26
R45959: CHRST,CHRST,CHRST (PO-7145),2023-09-22,1385.0,26
R45973: CHRST,CHRST,CHRST (PO-7145),2023-09-22,1385.0,26
R45896: CHRST,CHRST,CHRST (PO-7145),2023-09-22,1383.3,27
R45938: CHRST,CHRST,CHRST (PO-7145),2023-09-22,1383.3,27
R49700: CHRST,CHRST,CHRST (PO-7145),2023-09-22,1383.3,27
R50270: CHRST,CHRST,CHRST (PO-7145),2023-09-22,1383.3,27
R53494: CHRST,CHRST,CHRST (PO-7145),2023-09-22,1383.3,27
R54306: CHRST,CHRST,CHRST (PO-7145),2023-09-22,1383.3,27
R46006: CHRST,CHRST,CHRST (PO-7145),2023-09-22,1380.3,27
R45884: CHRST,CHRST,CHRST (PO-7145),2023-09-22,1380.0,27
R45901: CHRST,CHRST,CHRST (PO-7145),2023-09-22,1380.0,27
R45906: CHRST,CHRST,CHRST (PO-7145),2023-09-22,1380.0,27
R45942: CHRST,CHRST,CHRST (PO-7145),2023-09-22,1380.0,27
R45953: CHRST,CHRST,CHRST (PO-7145),2023-09-22,1380.0,27
R45958: CHRST,CHRST,CHRST (PO-7145),2023-09-22,1380.0,27
R45976: CHRST,CHRST,CHRST (PO-7145),2023-09-22,1380.0,27
R51905: CHRST,CHRST,CHRST (PO-7145),2023-09-22,1380.0,27
R53189: CHRST,CHRST,CHRST (PO-7145),2023-09-22,1380.0,27
R45967: CHRST,CHRST,CHRST (PO-7145),2023-09-22,1378.35,27
R45907: CHRST,CHRST,CHRST (PO-7145),2023-09-22,1376.7,27
R45981: CHRST,CHRST,CHRST (PO-7145),2023-09-22,1376.7,27
R50566: CHRST,CHRST,CHRST (PO-7145),2023-09-22,1376.7,27
R55530: CHRST,CHRST,CHRST (PO-7145),2023-09-22,1376.7,27
R45965: CHRST,CHRST,CHRST (PO-7145),2023-09-22,1376.65,27
R45978: CHRST,CHRST,CHRST (PO-7145),2023-09-22,1373.3,27
R46015: CHRST,CHRST,CHRST (PO-7145),2023-09-22,1370.0,27
R45879: CHRST,CHRST,CHRST (PO-7145),2023-09-22,1369.15,27
R49157: CHRST,CHRST,CHRST (PO-7145),2023-09-22,1366.7,27
R51542: CHRST,CHRST,CHRST (PO-7145),2023-09-22,1366.7,27
R45975: CHRST,CHRST,CHRST (PO-7145),2023-09-22,1360.0,28
R46013: CHRST,CHRST,CHRST (PO-7145),2023-09-22,1355.0,28
R46019: CHRST,CHRST,CHRST (PO-7145),2023-09-22,1350.0,28
R49420: CHRST,CHRST,CHRST (PO-7145),2023-09-22,1350.0,28
R49608: CHRST,CHRST,CHRST (PO-7145),2023-09-22,1336.7,29
R46011: CHRST,CHRST,CHRST (PO-7145),2023-09-22,1336.3,29
R45943: CHRST,CHRST,CHRST (PO-7145),2023-09-22,980.0,30
R45921: CHRST,CHRST,CHRST (PO-7145),2023-09-22,938.0,31
R55325: CLTWL,CLTWL,CLTWL (PO-9135),2025-02-04,1493.3,1
R51715: COMCT,COMCT,COMCT (PO-3972),2021-07-19,1530.0,1
R53436: COMCT,COMCT,COMCT (PO-3972),2021-07-19,1523.3,1
R27450: COMCT,COMCT,COMCT (PO-3972),2021-07-19,1520.0,1
R42510: COMCT,COMCT,COMCT (PO-3972),2021-07-19,1520.0,1
R50316: COMCT,COMCT,COMCT (PO-3972),2021-07-19,1520.0,1
R51532: COMCT,COMCT,COMCT (PO-3972),2021-07-19,1520.0,1
R51979: COMCT,COMCT,COMCT (PO-3972),2021-07-19,1520.0,1
R27432: COMCT,COMCT,COMCT (PO-3972),2021-07-19,1516.7,1
R51216: COMCT,COMCT,COMCT (PO-3972),2021-07-19,1516.7,1
R51215: COMCT,COMCT,COMCT (PO-3972),2021-07-19,1516.65,1
R52009: COMCT,COMCT,COMCT (PO-3972),2021-07-19,1513.3,1
R55540: COMCT,COMCT,COMCT (PO-3972),2021-07-19,1513.3,1
R55528: COMCT,COMCT,COMCT (PO-3972),2021-07-19,1510.0,1
R27428: COMCT,COMCT,COMCT (PO-3972),2021-07-19,1506.7,2
R44296: COMCT,COMCT,COMCT (PO-3972),2021-07-19,1503.3,2
R45182: COMCT,COMCT,COMCT (PO-3972),2021-07-19,1500.0,2
R51214: COMCT,COMCT,COMCT (PO-3972),2021-07-19,1486.7,2
R51320: COMCT,COMCT,COMCT (PO-3972),2021-07-19,1483.3,3
R27423: COMCT,COMCT,COMCT (PO-3972),2021-07-19,1480.0,3
R27424: COMCT,COMCT,COMCT (PO-3972),2021-07-19,1480.0,3
R54040: COMCT,COMCT,COMCT (PO-3972),2021-07-19,1480.0,3
R43394: COMCT,COMCT,COMCT (PO-3972),2021-07-19,1476.7,3
R51213: COMCT,COMCT,COMCT (PO-3972),2021-07-19,1057.7,4
R13321: CTBWC,CTBWC,CTBWC (PO-105),2018-09-19,1440.0,1
R51718: CTFLN,CTFLN,CTFLN (PO-1223),2019-03-12,1500.0,1
R47372: CTFLN,CTFLN,CTFLN (PO-1223),2019-03-12,1491.65,1
R49640: CTFLN,CTFLN,CTFLN (PO-1223),2019-03-12,1486.7,1
R49847: CTFLN,CTFLN,CTFLN (PO-1223),2019-03-12,1483.3,1
R47294: CTFLN,CTFLN,CTFLN (PO-1223),2019-03-12,1481.65,1
R50047: CTFLN,CTFLN,CTFLN (PO-1223),2019-03-12,1480.0,1
R47868: CTFLN,CTFLN,CTFLN (PO-1223),2019-03-12,1473.35,2
R45271: CTFLN,CTFLN,CTFLN (PO-1223),2019-03-12,1473.3,2
R38953: CTFLN,CTFLN,CTFLN (PO-1223),2019-03-12,1470.0,2
R42340: CTFLN,CTFLN,CTFLN (PO-1223),2019-03-12,1466.7,2
R55513: CTFLN,CTFLN,CTFLN (PO-1223),2019-03-12,1466.7,2
R53274: CTFLN,CTFLN,CTFLN (PO-1223),2019-03-12,1460.0,2
R47952: CTFLN,CTFLN,CTFLN (PO-1223),2019-03-12,1430.0,3
R55000: CTFLN,CTFLN,CTFLN (PO-1223),2019-03-12,1406.7,4
R47305: CTFLN,CTFLN,CTFLN (PO-1223),2019-03-12,1403.3,4
R53589: CTFLN,CTFLN,CTFLN (PO-1223),2019-03-12,1403.3,4
R42344: CTFLN,CTFLN,CTFLN (PO-1223),2019-03-12,1400.0,4
R42857: CTFLN,CTFLN,CTFLN (PO-1223),2019-03-12,1400.0,4
R45337: CTFLN,CTFLN,CTFLN (PO-1223),2019-03-12,1400.0,4
R53429: CTFLN,CTFLN,CTFLN (PO-1223),2019-03-12,1396.7,4
R47339: CTFLN,CTFLN,CTFLN (PO-1223),2019-03-12,1386.7,5
R42571: CTFLN,CTFLN,,,,6
R29938: CTNOX,CTNOX,CTNOX (PO-108),2018-07-06,1536.7,1
R29912: CTNOX,CTNOX,CTNOX (PO-108),2018-07-06,1528.35,1
R29935: CTNOX,CTNOX,CTNOX (PO-1222),2019-03-12,1546.7,2
R29945: CTNOX,CTNOX,CTNOX (PO-1222),2019-03-12,1543.35,2
R29936: CTNOX,CTNOX,CTNOX (PO-1222),2019-03-12,1541.65,2
R52048: CTNOX,CTNOX,CTNOX (PO-1222),2019-03-12,1526.7,2
R52639: CTNOX,CTNOX,CT140 (PO-2390),2020-08-07,1530.0,3
R54059: CTNOX,CTNOX,CT140 (PO-2390),2020-08-07,1520.0,3
R52625: CTNOX,CTNOX,CT140 (PO-2390),2020-08-07,1513.3,3
R52628: CTNOX,CTNOX,CT140 (PO-2390),2020-08-07,1510.0,3
R52640: CTNOX,CTNOX,CT140 (PO-2390),2020-08-07,1500.0,4
R55812: CTNOX,CTNOX,CT140 (PO-2390),2020-08-07,1490.0,4
R49934: CTNOX,CTNOX,CT140 (PO-2390),2020-08-07,1380.0,5
R50960: CTNOX,CTNOX,CT140 (PO-2390),2020-08-07,1380.0,5
R19108: CTNOX,CTNOX,CT140 (PO-2390),2020-08-07,1379.15,5
R47223: CTNOX,CTNOX,CT140 (PO-2390),2020-08-07,1376.7,5
R43367: CTNOX,CTNOX,CT140 (PO-2390),2020-08-07,1373.3,5
R50700: CTNOX,CTNOX,CT140 (PO-2390),2020-08-07,1373.3,5
R43327: CTNOX,CTNOX,CT140 (PO-2390),2020-08-07,1371.65,5
R54381: CTNOX,CTNOX,CT140 (PO-2390),2020-08-07,1370.0,5
R54930: CTNOX,CTNOX,CT140 (PO-2390),2020-08-07,1370.0,5
R55323: CTNOX,CTNOX,CT140 (PO-2390),2020-08-07,1370.0,5
R49452: CTNOX,CTNOX,CT140 (PO-2390),2020-08-07,1363.3,5
R19113: CTNOX,CTNOX,CT140 (PO-2390),2020-08-07,1361.65,5
R29939: CTNOX,CTNOX,CTNOX (PO-2366),2020-08-10,1530.0,6
R43737: CTNOX,CTNOX,CTNOX (PO-2394),2020-11-16,1530.0,7
R45058: CTNOX,CTNOX,CTNOX (PO-2394),2020-11-16,1523.3,7
R45764: CTNOX,CTNOX,CTNOX (PO-2394),2020-11-16,1516.7,7
R53587: CTNOX,CTNOX,CTNOX (PO-2394),2020-11-16,1513.3,7
R54046: CTNOX,CTNOX,CTNOX (PO-2394),2020-11-16,1513.3,7
R53828: CTNOX,CTNOX,CTNOX (PO-2394),2020-11-16,1513.3,7
R49525: CTNOX,CTNOX,CTNOX (PO-2394),2020-11-16,1510.0,7
R38991: CTNOX,CTNOX,CTNOX (PO-2394),2020-11-16,1506.7,8
R51733: CTNOX,CTNOX,CTNOX (PO-2394),2020-11-16,1506.7,8
R52517: CTNOX,CTNOX,CTNOX (PO-2394),2020-11-16,1506.7,8
R51272: CTNOX,CTNOX,CTNOX (PO-2394),2020-11-16,1503.3,8
R23603: CTNOX,CTNOX,CTNOX (PO-2394),2020-11-16,1501.5,8
R38958: CTNOX,CTNOX,CTNOX (PO-2394),2020-11-16,1500.0,8
R38979: CTNOX,CTNOX,CTNOX (PO-2394),2020-11-16,1500.0,8
R39024: CTNOX,CTNOX,CTNOX (PO-2394),2020-11-16,1500.0,8
R39033: CTNOX,CTNOX,CTNOX (PO-2394),2020-11-16,1500.0,8
R39032: CTNOX,CTNOX,CTNOX (PO-2394),2020-11-16,1500.0,8
R39037: CTNOX,CTNOX,CTNOX (PO-2394),2020-11-16,1500.0,8
R39042: CTNOX,CTNOX,CTNOX (PO-2394),2020-11-16,1500.0,8
R39230: CTNOX,CTNOX,CTNOX (PO-2394),2020-11-16,1500.0,8
R39233: CTNOX,CTNOX,CTNOX (PO-2394),2020-11-16,1500.0,8
R39312: CTNOX,CTNOX,CTNOX (PO-2394),2020-11-16,1500.0,8
R39314: CTNOX,CTNOX,CTNOX (PO-2394),2020-11-16,1500.0,8
R39323: CTNOX,CTNOX,CTNOX (PO-2394),2020-11-16,1500.0,8
R46620: CTNOX,CTNOX,CTNOX (PO-2394),2020-11-16,1500.0,8
R47855: CTNOX,CTNOX,CTNOX (PO-2394),2020-11-16,1500.0,8
R47974: CTNOX,CTNOX,CTNOX (PO-2394),2020-11-16,1500.0,8
R49059: CTNOX,CTNOX,CTNOX (PO-2394),2020-11-16,1500.0,8
R49289: CTNOX,CTNOX,CTNOX (PO-2394),2020-11-16,1500.0,8
R50079: CTNOX,CTNOX,CTNOX (PO-2394),2020-11-16,1500.0,8
R50286: CTNOX,CTNOX,CTNOX (PO-2394),2020-11-16,1500.0,8
R50455: CTNOX,CTNOX,CTNOX (PO-2394),2020-11-16,1500.0,8
R50518: CTNOX,CTNOX,CTNOX (PO-2394),2020-11-16,1500.0,8
R51146: CTNOX,CTNOX,CTNOX (PO-2394),2020-11-16,1500.0,8
R51073: CTNOX,CTNOX,CTNOX (PO-2394),2020-11-16,1500.0,8
R51218: CTNOX,CTNOX,CTNOX (PO-2394),2020-11-16,1500.0,8
R51251: CTNOX,CTNOX,CTNOX (PO-2394),2020-11-16,1500.0,8
R52278: CTNOX,CTNOX,CTNOX (PO-2394),2020-11-16,1500.0,8
R52944: CTNOX,CTNOX,CTNOX (PO-2394),2020-11-16,1500.0,8
R55549: CTNOX,CTNOX,CTNOX (PO-2394),2020-11-16,1500.0,8
R38959: CTNOX,CTNOX,CTNOX (PO-2394),2020-11-16,1496.7,8
R39023: CTNOX,CTNOX,CTNOX (PO-2394),2020-11-16,1496.7,8
R43393: CTNOX,CTNOX,CTNOX (PO-2394),2020-11-16,1496.7,8
R47005: CTNOX,CTNOX,CTNOX (PO-2394),2020-11-16,1496.7,8
R49883: CTNOX,CTNOX,CTNOX (PO-2394),2020-11-16,1496.7,8
R50037: CTNOX,CTNOX,CTNOX (PO-2394),2020-11-16,1496.7,8
R51688: CTNOX,CTNOX,CTNOX (PO-2394),2020-11-16,1496.7,8
R52298: CTNOX,CTNOX,CTNOX (PO-2394),2020-11-16,1496.7,8
R52396: CTNOX,CTNOX,CTNOX (PO-2394),2020-11-16,1496.7,8
R55524: CTNOX,CTNOX,CTNOX (PO-2394),2020-11-16,1496.7,8
R55778: CTNOX,CTNOX,CTNOX (PO-2394),2020-11-16,1496.7,8
R55916: CTNOX,CTNOX,CTNOX (PO-2394),2020-11-16,1496.7,8
R23150: CTNOX,CTNOX,CTNOX (PO-2394),2020-11-16,1493.3,8
R51559: CTNOX,CTNOX,CTNOX (PO-2394),2020-11-16,1493.3,8
R53517: CTNOX,CTNOX,CTNOX (PO-2394),2020-11-16,1493.3,8
R54972: CTNOX,CTNOX,CTNOX (PO-2394),2020-11-16,1493.3,8
R23628: CTNOX,CTNOX,CTNOX (PO-2394),2020-11-16,1490.0,8
R39038: CTNOX,CTNOX,CTNOX (PO-2394),2020-11-16,1490.0,8
R46588: CTNOX,CTNOX,CTNOX (PO-2394),2020-11-16,1490.0,8
R46627: CTNOX,CTNOX,CTNOX (PO-2394),2020-11-16,1490.0,8
R50608: CTNOX,CTNOX,CTNOX (PO-2394),2020-11-16,1490.0,8
R51292: CTNOX,CTNOX,CTNOX (PO-2394),2020-11-16,1490.0,8
R51185: CTNOX,CTNOX,CTNOX (PO-2394),2020-11-16,1490.0,8
R53138: CTNOX,CTNOX,CTNOX (PO-2394),2020-11-16,1490.0,8
R45858: CTNOX,CTNOX,CTNOX (PO-2394),2020-11-16,1486.7,8
R47013: CTNOX,CTNOX,CTNOX (PO-2394),2020-11-16,1486.7,8
R55545: CTNOX,CTNOX,CTNOX (PO-2394),2020-11-16,1486.7,8
R55881: CTNOX,CTNOX,CTNOX (PO-2394),2020-11-16,1486.7,8
R55894: CTNOX,CTNOX,CTNOX (PO-2394),2020-11-16,1486.7,8
R23610: CTNOX,CTNOX,CTNOX (PO-2394),2020-11-16,1486.65,8
R49067: CTNOX,CTNOX,CTNOX (PO-2394),2020-11-16,1480.0,9
R39316: CTNOX,CTNOX,CTNOX (PO-2394),2020-11-16,1463.3,9
R44416: CTNOX,CTNOX,CTNOX (PO-2394),2020-11-16,1386.7,10
R38963: CTNOX,CTNOX,CTNOX (PO-2394),2020-11-16,1376.7,10
R38992: CTNOX,CTNOX,CTNOX (PO-2394),2020-11-16,1376.7,10
R38990: CTNOX,CTNOX,CTNOX (PO-2394),2020-11-16,1373.3,10
R38968: CTNOX,CTNOX,CTNOX (PO-2394),2020-11-16,1366.7,11
R38972: CTNOX,CTNOX,CTNOX (PO-2394),2020-11-16,1366.7,11
R38957: CTNOX,CTNOX,CTNOX (PO-2394),2020-11-16,1363.3,11
R34128: CTNOX,CTNOX,,,1523.3,12
R53185: CTSPR,CTSPR,CTSPR (PO-3428),2021-04-12,1503.3,1
R47943: CTSPR,CTSPR,CTSPR (PO-3428),2021-04-12,1440.0,2
R40384: CTSPS,CTSPS,CTSPS (PO-6075),2023-01-18,1498.75,1
R40383: CTSPS,CTSPS,CTSPS (PO-6075),2023-01-18,1485.5666666666666,1
R48359: CTSPS,CTSPS,CTSPS (PO-8001),2024-03-12,1501.65,2
R54994: CTSPS,CTSPS,CTSPS (PO-8001),2024-03-12,1486.7,2
R50950: CTSPS,CTSPS,CTSPS (PO-8001),2024-03-12,1480.0,3
R55170: CTSPS,CTSPS,CTSPS (PO-8001),2024-03-12,1476.7,3
R55684: CTSPS,CTSPS,CTSPS (PO-8001),2024-03-12,1476.7,3
R50481: CTSPS,CTSPS,CTSPS (PO-8001),2024-03-12,1473.3,3
R53270: CTSPS,CTSPS,CTSPS (PO-8001),2024-03-12,1473.3,3
R53577: CTSPS,CTSPS,CTSPS (PO-8001),2024-03-12,1473.3,3
R50013: CTSPS,CTSPS,CTSPS (PO-8001),2024-03-12,1470.0,3
R53028: CTSPS,CTSPS,CTSPS (PO-8001),2024-03-12,1470.0,3
R53394: CTSPS,CTSPS,CTSPS (PO-8001),2024-03-12,1470.0,3
R54948: CTSPS,CTSPS,CTSPS (PO-8001),2024-03-12,1470.0,3
R55780: CTSPS,CTSPS,CTSPS (PO-8001),2024-03-12,1470.0,3
R50581: CTSPS,CTSPS,CTSPS (PO-8001),2024-03-12,1466.7,3
R48735: CTSPS,CTSPS,CTSPS (PO-8001),2024-03-12,1466.7,3
R51689: CTSPS,CTSPS,CTSPS (PO-8001),2024-03-12,1466.7,3
R52380: CTSPS,CTSPS,CTSPS (PO-8001),2024-03-12,1463.3,3
R54308: CTSPS,CTSPS,CTSPS (PO-8001),2024-03-12,1463.3,3
R55878: CTSPS,CTSPS,CTSPS (PO-8001),2024-03-12,1463.3,3
R52971: CTSPS,CTSPS,CTSPS (PO-8001),2024-03-12,1456.7,4
R55368: CTSPS,CTSPS,CTSPS (PO-8119),2024-07-09,1546.7,5
R55743: CTSPS,CTSPS,CTSPS (PO-8119),2024-07-09,1530.0,5
R51162: CTSPS,CTSPS,CTSPS (PO-8119),2024-07-09,1520.0,6
R53421: CTSPS,CTSPS,CTSPS (PO-8119),2024-07-09,1520.0,6
R53617: CTSPS,CTSPS,CTSPS (PO-8119),2024-07-09,1516.7,6
R55811: CTSPS,CTSPS,CTSPS (PO-8119),2024-07-09,1516.7,6
R50825: CTSPS,CTSPS,CTSPS (PO-8119),2024-07-09,1515.0,6
R55472: CTSPS,CTSPS,CTSPS (PO-8119),2024-07-09,1513.3,6
R55546: CTSPS,CTSPS,CTSPS (PO-8119),2024-07-09,1513.3,6
R55901: CTSPS,CTSPS,CTSPS (PO-8119),2024-07-09,1513.3,6
R54082: CTSPS,CTSPS,CTSPS (PO-8119),2024-07-09,1506.7,6
R55138: CTSPS,CTSPS,CTSPS (PO-8119),2024-07-09,1506.7,6
R55628: CTSPS,CTSPS,CTSPS (PO-8119),2024-07-09,1506.7,6
R55597: CTSPS,CTSPS,CTSPS (PO-8119),2024-07-09,1503.3,6
R55613: CTSPS,CTSPS,CTSPS (PO-8119),2024-07-09,1503.3,6
R54106: CTSPS,CTSPS,CTSPS (PO-8119),2024-07-09,1500.0,6
R53484: CTSPS,CTSPS,CTSPS (PO-8119),2024-07-09,1490.0,7
R51071: CTSPS,CTSPS,CTSPS (PO-8119),2024-07-09,1488.35,7
R53512: CTSPS,CTSPS,CTSPS (PO-8119),2024-07-09,1475.0,7
R52692: CTSPS,CTSPS,CTSPS (PO-8119),2024-07-09,1466.7,8
R52693: CTSPS,CTSPS,CTSPS (PO-8119),2024-07-09,1460.0,8
R47936: CTW70,CTW70,"""CTW70, LTCSLLTCSN, CTW7N (PO-6710PO-6901)""",2023-08-04,1620.0,1
R49175: CTW70,CTW70,"""CTW70, LTCSLLTCSN, CTW7N (PO-6710PO-6901)""",2023-08-04,1503.3,2
R46599: CTW70,CTW70,"""CTW70, LTCSLLTCSN, CTW7N (PO-6710PO-6901)""",2023-08-04,1500.0,2
R46641: CTW70,CTW70,"""CTW70, LTCSLLTCSN, CTW7N (PO-6710PO-6901)""",2023-08-04,1500.0,2
R47345: CTW70,CTW70,"""CTW70, LTCSLLTCSN, CTW7N (PO-6710PO-6901)""",2023-08-04,1500.0,2
R47349: CTW70,CTW70,"""CTW70, LTCSLLTCSN, CTW7N (PO-6710PO-6901)""",2023-08-04,1500.0,2
R49159: CTW70,CTW70,"""CTW70, LTCSLLTCSN, CTW7N (PO-6710PO-6901)""",2023-08-04,1500.0,2
R53087: CTW70,CTW70,"""CTW70, LTCSLLTCSN, CTW7N (PO-6710PO-6901)""",2023-08-04,1500.0,2
R48965: CTW70,CTW70,"""CTW70, LTCSLLTCSN, CTW7N (PO-6710PO-6901)""",2023-08-04,1496.7,2
R49120: CTW70,CTW70,"""CTW70, LTCSLLTCSN, CTW7N (PO-6710PO-6901)""",2023-08-04,1496.7,2
R49632: CTW70,CTW70,"""CTW70, LTCSLLTCSN, CTW7N (PO-6710PO-6901)""",2023-08-04,1496.7,2
R48885: CTW70,CTW70,"""CTW70, LTCSLLTCSN, CTW7N (PO-6710PO-6901)""",2023-08-04,1493.3,2
R49321: CTW70,CTW70,"""CTW70, LTCSLLTCSN, CTW7N (PO-6710PO-6901)""",2023-08-04,1493.3,2
R49603: CTW70,CTW70,"""CTW70, LTCSLLTCSN, CTW7N (PO-6710PO-6901)""",2023-08-04,1493.3,2
R49375: CTW70,CTW70,"""CTW70, LTCSLLTCSN, CTW7N (PO-6710PO-6901)""",2023-08-04,1490.0,2
R55895: CTW70,CTW70,"""CTW70, LTCSLLTCSN, CTW7N (PO-6710PO-6901)""",2023-08-04,1490.0,2
R49386: CTW70,CTW70,"""CTW70, LTCSLLTCSN, CTW7N (PO-6710PO-6901)""",2023-08-04,1486.7,2
R47386: CTW70,CTW70,"""CTW70, LTCSLLTCSN, CTW7N (PO-6710PO-6901)""",2023-08-04,1483.3,2
R53395: CTW70,CTW70,"""CTW70, LTCSLLTCSN, CTW7N (PO-6710PO-6901)""",2023-08-04,1480.0,3
R44729: CTW70,CTW70,"""CTW70, LTCSLLTCSN, CTW7N (PO-6710PO-6901)""",2023-08-04,1476.7,3
R49356: CTW70,CTW70,"""CTW70, LTCSLLTCSN, CTW7N (PO-6710PO-6901)""",2023-08-04,1460.0,3
R51670: CTW70,CTW70,CHRST (PO-7145),2023-09-22,1483.3,4
R50472: CTW70,CTW70,CTW70 (PO-7602),2024-03-18,1700.0,5
R51823: CTW70,CTW70,CTW70 (PO-7602),2024-03-18,1530.0,6
R48518: CTW70,CTW70,CTW70 (PO-7602),2024-03-18,1520.0,6
R51013: CTW70,CTW70,CTW70 (PO-7602),2024-03-18,1520.0,6
R53174: CTW70,CTW70,CTW70 (PO-7602),2024-03-18,1520.0,6
R55860: CTW70,CTW70,CTW70 (PO-7602),2024-03-18,1520.0,6
R51221: CTW70,CTW70,CTW70 (PO-7602),2024-03-18,1516.7,6
R53164: CTW70,CTW70,CTW70 (PO-7602),2024-03-18,1516.7,6
R55359: CTW70,CTW70,CTW70 (PO-7602),2024-03-18,1516.7,6
R48514: CTW70,CTW70,CTW70 (PO-7602),2024-03-18,1513.3,6
R51267: CTW70,CTW70,CTW70 (PO-7602),2024-03-18,1513.3,6
R52233: CTW70,CTW70,CTW70 (PO-7602),2024-03-18,1513.3,6
R53412: CTW70,CTW70,CTW70 (PO-7602),2024-03-18,1513.3,6
R48371: CTW70,CTW70,CTW70 (PO-7602),2024-03-18,1510.0,6
R48445: CTW70,CTW70,CTW70 (PO-7602),2024-03-18,1510.0,6
R48523: CTW70,CTW70,CTW70 (PO-7602),2024-03-18,1510.0,6
R48533: CTW70,CTW70,CTW70 (PO-7602),2024-03-18,1510.0,6
R53184: CTW70,CTW70,CTW70 (PO-7602),2024-03-18,1510.0,6
R52684: CTW70,CTW70,CTW70 (PO-7602),2024-03-18,1510.0,6
R53415: CTW70,CTW70,CTW70 (PO-7602),2024-03-18,1510.0,6
R54066: CTW70,CTW70,CTW70 (PO-7602),2024-03-18,1510.0,6
R55481: CTW70,CTW70,CTW70 (PO-7602),2024-03-18,1510.0,6
R55578: CTW70,CTW70,CTW70 (PO-7602),2024-03-18,1510.0,6
R48416: CTW70,CTW70,CTW70 (PO-7602),2024-03-18,1507.3,7
R48497: CTW70,CTW70,CTW70 (PO-7602),2024-03-18,1506.7,7
R48507: CTW70,CTW70,CTW70 (PO-7602),2024-03-18,1506.7,7
R53464: CTW70,CTW70,CTW70 (PO-7602),2024-03-18,1506.7,7
R55595: CTW70,CTW70,CTW70 (PO-7602),2024-03-18,1506.7,7
R48378: CTW70,CTW70,CTW70 (PO-7602),2024-03-18,1503.3,7
R48425: CTW70,CTW70,CTW70 (PO-7602),2024-03-18,1503.3,7
R48490: CTW70,CTW70,CTW70 (PO-7602),2024-03-18,1503.3,7
R48530: CTW70,CTW70,CTW70 (PO-7602),2024-03-18,1503.3,7
R48535: CTW70,CTW70,CTW70 (PO-7602),2024-03-18,1503.3,7
R50722: CTW70,CTW70,CTW70 (PO-7602),2024-03-18,1503.3,7
R50913: CTW70,CTW70,CTW70 (PO-7602),2024-03-18,1503.3,7
R54928: CTW70,CTW70,CTW70 (PO-7602),2024-03-18,1503.3,7
R55013: CTW70,CTW70,CTW70 (PO-7602),2024-03-18,1503.3,7
R53968: CTW70,CTW70,CTW70 (PO-7602),2024-03-18,1503.3,7
R55806: CTW70,CTW70,CTW70 (PO-7602),2024-03-18,1503.3,7
R48369: CTW70,CTW70,CTW70 (PO-7602),2024-03-18,1500.0,7
R48370: CTW70,CTW70,CTW70 (PO-7602),2024-03-18,1500.0,7
R48373: CTW70,CTW70,CTW70 (PO-7602),2024-03-18,1500.0,7
R48376: CTW70,CTW70,CTW70 (PO-7602),2024-03-18,1500.0,7
R48389: CTW70,CTW70,CTW70 (PO-7602),2024-03-18,1500.0,7
R48405: CTW70,CTW70,CTW70 (PO-7602),2024-03-18,1500.0,7
R48451: CTW70,CTW70,CTW70 (PO-7602),2024-03-18,1500.0,7
R48466: CTW70,CTW70,CTW70 (PO-7602),2024-03-18,1500.0,7
R48486: CTW70,CTW70,CTW70 (PO-7602),2024-03-18,1500.0,7
R48494: CTW70,CTW70,CTW70 (PO-7602),2024-03-18,1500.0,7
R48495: CTW70,CTW70,CTW70 (PO-7602),2024-03-18,1500.0,7
R49661: CTW70,CTW70,CTW70 (PO-7602),2024-03-18,1500.0,7
R48505: CTW70,CTW70,CTW70 (PO-7602),2024-03-18,1500.0,7
R48517: CTW70,CTW70,CTW70 (PO-7602),2024-03-18,1500.0,7
R49711: CTW70,CTW70,CTW70 (PO-7602),2024-03-18,1500.0,7
R48536: CTW70,CTW70,CTW70 (PO-7602),2024-03-18,1500.0,7
R49916: CTW70,CTW70,CTW70 (PO-7602),2024-03-18,1500.0,7
R49948: CTW70,CTW70,CTW70 (PO-7602),2024-03-18,1500.0,7
R50015: CTW70,CTW70,CTW70 (PO-7602),2024-03-18,1500.0,7
R50549: CTW70,CTW70,CTW70 (PO-7602),2024-03-18,1500.0,7
R51695: CTW70,CTW70,CTW70 (PO-7602),2024-03-18,1500.0,7
R52893: CTW70,CTW70,CTW70 (PO-7602),2024-03-18,1500.0,7
R52931: CTW70,CTW70,CTW70 (PO-7602),2024-03-18,1500.0,7
R55551: CTW70,CTW70,CTW70 (PO-7602),2024-03-18,1500.0,7
R55611: CTW70,CTW70,CTW70 (PO-7602),2024-03-18,1500.0,7
R54194: CTW70,CTW70,CTW70 (PO-7602),2024-03-18,1500.0,7
R54331: CTW70,CTW70,CTW70 (PO-7602),2024-03-18,1500.0,7
R48404: CTW70,CTW70,CTW70 (PO-7602),2024-03-18,1496.7,7
R48424: CTW70,CTW70,CTW70 (PO-7602),2024-03-18,1496.7,7
R48537: CTW70,CTW70,CTW70 (PO-7602),2024-03-18,1496.7,7
R54997: CTW70,CTW70,CTW70 (PO-7602),2024-03-18,1496.7,7
R55797: CTW70,CTW70,CTW70 (PO-7602),2024-03-18,1496.7,7
R48428: CTW70,CTW70,CTW70 (PO-7602),2024-03-18,1496.65,7
R48398: CTW70,CTW70,CTW70 (PO-7602),2024-03-18,1493.3,7
R51337: CTW70,CTW70,CTW70 (PO-7602),2024-03-18,1493.3,7
R48508: CTW70,CTW70,CTW70 (PO-7602),2024-03-18,1490.0,7
R48528: CTW70,CTW70,CTW70 (PO-7602),2024-03-18,1490.0,7
R48390: CTW70,CTW70,CTW70 (PO-7602),2024-03-18,1475.0,8
R50182: CTW70,CTW70,CTW70 (PO-7602),2024-03-18,1460.0,8
R48531: CTW70,CTW70,CTW70 (PO-7602),2024-03-18,1456.7,8
R55683: CTW70,CTW70,CTW70 (PO-7602),2024-03-18,1456.7,8
R48461: CTW70,CTW70,CTW70 (PO-7602),2024-03-18,1453.3,9
R48465: CTW70,CTW70,CTW70 (PO-7602),2024-03-18,1453.3,9
R48509: CTW70,CTW70,CTW70 (PO-7602),2024-03-18,1453.3,9
R48510: CTW70,CTW70,CTW70 (PO-7602),2024-03-18,1453.3,9
R48588: CTW70,CTW70,CTW70 (PO-7602),2024-03-18,1450.0,9
R50949: CTW70,CTW70,CTW70 (PO-7602),2024-03-18,1450.0,9
R55741: CTW70,CTW70,CTW70 (PO-7602),2024-03-18,1450.0,9
R50450: CTW70,CTW70,CTW70 (PO-7602),2024-03-18,1446.7,9
R51294: CTW70,CTW70,CTW70 (PO-7602),2024-03-18,1436.7,9
R53538: CTW70,CTW70,CTW70 (PO-7602),2024-03-18,1416.7,10
R49011: CUTWL,CUTWL,"""CLTWL, CTSPS (PO-6712)""",2023-07-03,1416.7,1
R51940: CUTWL,CUTWL,CUTWL (PO-7473),2023-10-25,1416.7,2
R48114: CUTWL,CUTWL,CUTWL (PO-7473),2023-10-25,1400.0,3
R53026: CUTWL,CUTWL,CUTWL (PO-7473),2023-10-25,1400.0,3
R50903: CUTWL,CUTWL,CUTWL (PO-7473),2023-12-01,1430.0,4
R55163: CUTWL,CUTWL,CUTWL (PO-7473),2023-12-01,1430.0,4
R51721: CUTWL,CUTWL,CUTWL (PO-7473),2023-12-01,1420.0,4
R53542: CUTWL,CUTWL,CUTWL (PO-7473),2023-12-01,1420.0,4
R55322: CUTWL,CUTWL,CUTWL (PO-7473),2023-12-01,1420.0,4
R52348: CUTWL,CUTWL,CUTWL (PO-7473),2023-12-01,1413.3,4
R51997: CUTWL,CUTWL,CUTWL (PO-7473),2023-12-01,1406.7,5
R53420: CUTWL,CUTWL,CUTWL (PO-7473),2023-12-01,1403.3,5
R55036: CUTWL,CUTWL,CUTWL (PO-7473),2023-12-01,1396.7,5
R53358: CUTWL,CUTWL,CUTWL (PO-7473),2023-12-01,1383.3,6
R44301: ECVIC,ECVIC,ECVIC (PO-5479),2022-09-21,1423.3,1
R44397: ECVIC,ECVIC,ECVIC (PO-5479),2022-09-21,1420.0,1
R43412: ECVIC,ECVIC,ECVIC (PO-5479),2022-09-21,1413.3,1
R44046: ECVIC,ECVIC,ECVIC (PO-5479),2022-09-21,1413.3,1
R46596: ECVIC,ECVIC,ECVIC (PO-5479),2022-09-21,1413.3,1
R43719: ECVIC,ECVIC,ECVIC (PO-5479),2022-09-21,1408.35,1
R42884: ECVIC,ECVIC,ECVIC (PO-5479),2022-09-21,1406.7,1
R43976: ECVIC,ECVIC,ECVIC (PO-5479),2022-09-21,1406.7,1
R44242: ECVIC,ECVIC,ECVIC (PO-5479),2022-09-21,1406.7,1
R44372: ECVIC,ECVIC,ECVIC (PO-5479),2022-09-21,1406.7,1
R45109: ECVIC,ECVIC,ECVIC (PO-5479),2022-09-21,1406.7,1
R47211: ECVIC,ECVIC,ECVIC (PO-5479),2022-09-21,1406.7,1
R43436: ECVIC,ECVIC,ECVIC (PO-5479),2022-09-21,1406.6333333333332,1
R42896: ECVIC,ECVIC,ECVIC (PO-5479),2022-09-21,1403.3,1
R44280: ECVIC,ECVIC,ECVIC (PO-5479),2022-09-21,1403.3,1
R44748: ECVIC,ECVIC,ECVIC (PO-5479),2022-09-21,1403.3,1
R45218: ECVIC,ECVIC,ECVIC (PO-5479),2022-09-21,1403.3,1
R45658: ECVIC,ECVIC,ECVIC (PO-5479),2022-09-21,1403.3,1
R46101: ECVIC,ECVIC,ECVIC (PO-5479),2022-09-21,1403.3,1
R47053: ECVIC,ECVIC,ECVIC (PO-5479),2022-09-21,1403.3,1
R49128: ECVIC,ECVIC,ECVIC (PO-5479),2022-09-21,1403.3,1
R42529: ECVIC,ECVIC,ECVIC (PO-5479),2022-09-21,1400.0,2
R42914: ECVIC,ECVIC,ECVIC (PO-5479),2022-09-21,1400.0,2
R42931: ECVIC,ECVIC,ECVIC (PO-5479),2022-09-21,1400.0,2
R43706: ECVIC,ECVIC,ECVIC (PO-5479),2022-09-21,1400.0,2
R43990: ECVIC,ECVIC,ECVIC (PO-5479),2022-09-21,1400.0,2
R44003: ECVIC,ECVIC,ECVIC (PO-5479),2022-09-21,1400.0,2
R44019: ECVIC,ECVIC,ECVIC (PO-5479),2022-09-21,1400.0,2
R44281: ECVIC,ECVIC,ECVIC (PO-5479),2022-09-21,1400.0,2
R44707: ECVIC,ECVIC,ECVIC (PO-5479),2022-09-21,1400.0,2
R44716: ECVIC,ECVIC,ECVIC (PO-5479),2022-09-21,1400.0,2
R45044: ECVIC,ECVIC,ECVIC (PO-5479),2022-09-21,1400.0,2
R45170: ECVIC,ECVIC,ECVIC (PO-5479),2022-09-21,1400.0,2
R45264: ECVIC,ECVIC,ECVIC (PO-5479),2022-09-21,1400.0,2
R45286: ECVIC,ECVIC,ECVIC (PO-5479),2022-09-21,1400.0,2
R45659: ECVIC,ECVIC,ECVIC (PO-5479),2022-09-21,1400.0,2
R45743: ECVIC,ECVIC,ECVIC (PO-5479),2022-09-21,1400.0,2
R45819: ECVIC,ECVIC,ECVIC (PO-5479),2022-09-21,1400.0,2
R46037: ECVIC,ECVIC,ECVIC (PO-5479),2022-09-21,1400.0,2
R46052: ECVIC,ECVIC,ECVIC (PO-5479),2022-09-21,1400.0,2
R54377: ECVIC,ECVIC,ECVIC (PO-5479),2022-09-21,1400.0,2
R44446: ECVIC,ECVIC,ECVIC (PO-5479),2022-09-21,1396.7,2
R45263: ECVIC,ECVIC,ECVIC (PO-5479),2022-09-21,1396.7,2
R45308: ECVIC,ECVIC,ECVIC (PO-5479),2022-09-21,1396.7,2
R43441: ECVIC,ECVIC,ECVIC (PO-5479),2022-09-21,1393.35,2
R44315: ECVIC,ECVIC,ECVIC (PO-5479),2022-09-21,1393.3,2
R45201: ECVIC,ECVIC,ECVIC (PO-5479),2022-09-21,1390.0,2
R45834: ECVIC,ECVIC,ECVIC (PO-5479),2022-09-21,1390.0,2
R47186: ECVIC,ECVIC,ECVIC (PO-5479),2022-09-21,1390.0,2
R44409: ECVIC,ECVIC,ECVIC (PO-5479),2022-09-21,1386.7,2
R45320: ECVIC,ECVIC,ECVIC (PO-5479),2022-09-21,1383.3,2
R45779: ECVIC,ECVIC,ECVIC (PO-5479),2022-09-21,1383.3,2
R43741: ECVIC,ECVIC,ECVIC (PO-5479),2022-09-21,1381.65,2
R43740: ECVIC,ECVIC,ECVIC (PO-5479),2022-09-21,1375.025,3
R34781: ECVIC,ECVIC,ECVIC (PO-5479),2022-09-21,1366.7,3
R46526: ECVIC,ECVIC,ECVIC (PO-5479),2022-09-21,987.3,4
R49008: ECVIC,ECVIC,ECVIC (PO-6076),2023-01-23,1496.7,5
R39856: ECVIC,ECVIC,ECVIC (PO-6076),2023-01-23,1433.3,6
R40388: ECVIC,ECVIC,ECVIC (PO-6076),2023-01-23,1413.3,6
R49597: ECVIC,ECVIC,ECVIC (PO-6076),2023-01-23,1413.3,6
R49671: ECVIC,ECVIC,ECVIC (PO-6076),2023-01-23,1413.3,6
R53620: ECVIC,ECVIC,ECVIC (PO-6076),2023-01-23,1410.0,7
R39896: ECVIC,ECVIC,ECVIC (PO-6076),2023-01-23,1408.35,7
R39876: ECVIC,ECVIC,ECVIC (PO-6076),2023-01-23,1406.7,7
R53934: ECVIC,ECVIC,ECVIC (PO-6076),2023-01-23,1406.7,7
R42293: ECVIC,ECVIC,ECVIC (PO-6076),2023-01-23,1403.3,7
R48106: ECVIC,ECVIC,ECVIC (PO-6076),2023-01-23,1403.3,7
R49014: ECVIC,ECVIC,ECVIC (PO-6076),2023-01-23,1403.3,7
R49479: ECVIC,ECVIC,ECVIC (PO-6076),2023-01-23,1403.3,7
R49662: ECVIC,ECVIC,ECVIC (PO-6076),2023-01-23,1403.3,7
R39838: ECVIC,ECVIC,ECVIC (PO-6076),2023-01-23,1400.0,7
R39837: ECVIC,ECVIC,ECVIC (PO-6076),2023-01-23,1400.0,7
R39840: ECVIC,ECVIC,ECVIC (PO-6076),2023-01-23,1400.0,7
R39846: ECVIC,ECVIC,ECVIC (PO-6076),2023-01-23,1400.0,7
R39850: ECVIC,ECVIC,ECVIC (PO-6076),2023-01-23,1400.0,7
R39861: ECVIC,ECVIC,ECVIC (PO-6076),2023-01-23,1400.0,7
R39880: ECVIC,ECVIC,ECVIC (PO-6076),2023-01-23,1400.0,7
R39913: ECVIC,ECVIC,ECVIC (PO-6076),2023-01-23,1400.0,7
R39930: ECVIC,ECVIC,ECVIC (PO-6076),2023-01-23,1400.0,7
R39931: ECVIC,ECVIC,ECVIC (PO-6076),2023-01-23,1400.0,7
R39944: ECVIC,ECVIC,ECVIC (PO-6076),2023-01-23,1400.0,7
R48308: ECVIC,ECVIC,ECVIC (PO-6076),2023-01-23,1400.0,7
R49693: ECVIC,ECVIC,ECVIC (PO-6076),2023-01-23,1400.0,7
R49800: ECVIC,ECVIC,ECVIC (PO-6076),2023-01-23,1400.0,7
R50268: ECVIC,ECVIC,ECVIC (PO-6076),2023-01-23,1400.0,7
R50285: ECVIC,ECVIC,ECVIC (PO-6076),2023-01-23,1400.0,7
R51654: ECVIC,ECVIC,ECVIC (PO-6076),2023-01-23,1400.0,7
R55416: ECVIC,ECVIC,ECVIC (PO-6076),2023-01-23,1400.0,7
R39902: ECVIC,ECVIC,ECVIC (PO-6076),2023-01-23,1396.7,7
R39914: ECVIC,ECVIC,ECVIC (PO-6076),2023-01-23,1396.7,7
R47341: ECVIC,ECVIC,ECVIC (PO-6076),2023-01-23,1396.7,7
R49240: ECVIC,ECVIC,ECVIC (PO-6076),2023-01-23,1396.7,7
R49378: ECVIC,ECVIC,ECVIC (PO-6076),2023-01-23,1396.7,7
R50077: ECVIC,ECVIC,ECVIC (PO-6076),2023-01-23,1396.7,7
R49702: ECVIC,ECVIC,ECVIC (PO-6076),2023-01-23,1393.3,7
R51258: ECVIC,ECVIC,ECVIC (PO-6076),2023-01-23,1393.3,7
R48980: ECVIC,ECVIC,ECVIC (PO-6076),2023-01-23,1391.65,7
R50462: ECVIC,ECVIC,ECVIC (PO-6076),2023-01-23,1390.0,7
R39833: ECVIC,ECVIC,ECVIC (PO-6076),2023-01-23,1386.7,8
R39854: ECVIC,ECVIC,ECVIC (PO-6076),2023-01-23,1386.7,8
R47932: ECVIC,ECVIC,ECVIC (PO-6076),2023-01-23,1386.7,8
R49305: ECVIC,ECVIC,ECVIC (PO-6076),2023-01-23,1386.7,8
R49328: ECVIC,ECVIC,ECVIC (PO-6076),2023-01-23,1386.7,8
R49708: ECVIC,ECVIC,ECVIC (PO-6076),2023-01-23,1386.7,8
R50907: ECVIC,ECVIC,ECVIC (PO-6076),2023-01-23,1383.3,8
R39918: ECVIC,ECVIC,ECVIC (PO-6076),2023-01-23,1380.0,8
R47412: ECVIC,ECVIC,ECVIC (PO-6076),2023-01-23,1380.0,8
R49058: ECVIC,ECVIC,ECVIC (PO-6076),2023-01-23,1380.0,8
R47552: ECVIC,ECVIC,ECVIC (PO-6076),2023-01-23,1356.7,9
R55740: ECVIC,ECVIC,ECVIC (PO-6076),2023-01-23,1336.7,10
R39887: ECVIC,ECVIC,ECVIC (PO-6076),2023-01-23,1330.0,10
R39888: ECVIC,ECVIC,ECVIC (PO-6076),2023-01-23,1330.0,10
R39910: ECVIC,ECVIC,ECVIC (PO-6076),2023-01-23,1330.0,10
R47980: ECVIC,ECVIC,ECVIC (PO-6076),2023-01-23,1330.0,10
R49981: ECVIC,ECVIC,ECVIC (PO-6076),2023-01-23,1330.0,10
R53217: ECVIC,ECVIC,ECVIC (PO-6076),2023-01-23,1326.7,10
R48850: ECVIC,ECVIC,ECVIC (PO-6076),2023-01-23,1323.3,10
R39965: ECVIC,ECVIC,ECVIC (PO-6076),2023-01-23,1322.7,10
R50324: ECVIC,ECVIC,ECVIC (PO-6076),2023-01-23,1320.0,10
R53150: ECVIC,ECVIC,ECVIC (PO-6076),2023-01-23,1320.0,10
R46431: ECVIC,ECVIC,ECVIC (PO-6076),2023-01-23,1316.7,11
R39788: ECVIC,ECVIC,ECVIC (PO-6076),2023-01-23,1313.3,11
R39825: ECVIC,ECVIC,ECVIC (PO-6076),2023-01-23,1310.0,11
R39929: ECVIC,ECVIC,ECVIC (PO-6076),2023-01-23,1310.0,11
R47157: ECVIC,ECVIC,ECVIC (PO-6076),2023-01-23,1310.0,11
R51141: ECVIC,ECVIC,ECVIC (PO-6076),2023-01-23,1310.0,11
R39956: ECVIC,ECVIC,ECVIC (PO-6076),2023-01-23,1308.35,11
R39940: ECVIC,ECVIC,ECVIC (PO-6076),2023-01-23,1307.8,11
R48836: ECVIC,ECVIC,ECVIC (PO-6076),2023-01-23,1306.7,11
R50125: ECVIC,ECVIC,ECVIC (PO-6076),2023-01-23,1306.7,11
R50561: ECVIC,ECVIC,ECVIC (PO-6076),2023-01-23,1306.7,11
R39882: ECVIC,ECVIC,ECVIC (PO-6076),2023-01-23,1303.35,11
R39953: ECVIC,ECVIC,ECVIC (PO-6076),2023-01-23,1303.3,11
R47079: ECVIC,ECVIC,ECVIC (PO-6076),2023-01-23,1303.3,11
R39791: ECVIC,ECVIC,ECVIC (PO-6076),2023-01-23,1300.0,11
R39868: ECVIC,ECVIC,ECVIC (PO-6076),2023-01-23,1300.0,11
R39874: ECVIC,ECVIC,ECVIC (PO-6076),2023-01-23,1300.0,11
R39885: ECVIC,ECVIC,ECVIC (PO-6076),2023-01-23,1300.0,11
R39924: ECVIC,ECVIC,ECVIC (PO-6076),2023-01-23,1300.0,11
R39925: ECVIC,ECVIC,ECVIC (PO-6076),2023-01-23,1300.0,11
R39926: ECVIC,ECVIC,ECVIC (PO-6076),2023-01-23,1300.0,11
R39951: ECVIC,ECVIC,ECVIC (PO-6076),2023-01-23,1300.0,11
R51232: ECVIC,ECVIC,ECVIC (PO-6076),2023-01-23,1300.0,11
R51269: ECVIC,ECVIC,ECVIC (PO-6076),2023-01-23,1300.0,11
R55506: ECVIC,ECVIC,ECVIC (PO-6076),2023-01-23,1300.0,11
R39867: ECVIC,ECVIC,ECVIC (PO-6076),2023-01-23,1296.7,12
R50228: ECVIC,ECVIC,ECVIC (PO-6076),2023-01-23,1296.7,12
R53031: ECVIC,ECVIC,ECVIC (PO-6076),2023-01-23,1296.7,12
R53288: ECVIC,ECVIC,ECVIC (PO-6076),2023-01-23,1296.7,12
R39969: ECVIC,ECVIC,ECVIC (PO-6076),2023-01-23,1296.65,12
R39784: ECVIC,ECVIC,ECVIC (PO-6076),2023-01-23,1293.3,12
R39889: ECVIC,ECVIC,ECVIC (PO-6076),2023-01-23,1293.3,12
R49136: ECVIC,ECVIC,ECVIC (PO-6076),2023-01-23,1293.3,12
R49434: ECVIC,ECVIC,ECVIC (PO-6076),2023-01-23,1293.3,12
R50394: ECVIC,ECVIC,ECVIC (PO-6076),2023-01-23,1293.3,12
R50605: ECVIC,ECVIC,ECVIC (PO-6076),2023-01-23,1293.3,12
R50757: ECVIC,ECVIC,ECVIC (PO-6076),2023-01-23,1293.3,12
R39927: ECVIC,ECVIC,ECVIC (PO-6076),2023-01-23,1290.0,12
R46663: ECVIC,ECVIC,ECVIC (PO-6076),2023-01-23,1290.0,12
R49642: ECVIC,ECVIC,ECVIC (PO-6076),2023-01-23,1286.7,12
R53584: ECVIC,ECVIC,ECVIC (PO-6076),2023-01-23,1283.3,12
R49394: ECVIC,ECVIC,ECVIC (PO-6076),2023-01-23,1280.0,12
R39884: ECVIC,ECVIC,ECVIC (PO-6076),2023-01-23,1276.7,13
R39883: ECVIC,ECVIC,ECVIC (PO-6076),2023-01-23,1276.7,13
R47335: ECVIC,ECVIC,ECVIC (PO-6076),2023-01-23,1276.7,13
R47351: ECVIC,ECVIC,ECVIC (PO-6076),2023-01-23,1276.7,13
R47008: ECVIC,ECVIC,ECVIC (PO-6076),2023-01-23,1270.0,13
R51600: ECVIC,ECVIC,ECVIC (PO-6076),2023-01-23,1270.0,13
R39869: ECVIC,ECVIC,ECVIC (PO-6076),2023-01-23,1262.0,13
R46455: ECVIC,ECVIC,ECVIC (PO-6076),2023-01-23,1260.0,13
R47863: ECVIC,ECVIC,ECVIC (PO-6076),2023-01-23,1256.7,14
R47095: ECVIC,ECVIC,ECVIC (PO-6076),2023-01-23,1253.3,14
R47385: ECVIC,ECVIC,ECVIC (PO-6076),2023-01-23,1203.3,15
R39789: ECVIC,ECVIC,ECVIC (PO-6076),2023-01-23,,16
R39796: ECVIC,ECVIC,ECVIC (PO-6076),2023-01-23,,17
R39806: ECVIC,ECVIC,ECVIC (PO-6076),2023-01-23,,18
R39809: ECVIC,ECVIC,ECVIC (PO-6076),2023-01-23,,19
R42923: GGT16,GGT16,GGT16 (PO-1170),2018-07-20,1426.7,1
R42370: GGT16,GGT16,GGT16 (PO-1170),2018-07-20,1413.3,1
R42384: GGT16,GGT16,GGT16 (PO-1170),2018-07-20,1413.3,1
R44390: GGT16,GGT16,GGT16 (PO-1170),2018-07-20,1400.0,2
R50054: GGT16,GGT16,GGT16 (PO-1170),2018-07-20,1400.0,2
R42516: GGT16,GGT16,GGT16 (PO-1170),2018-07-20,1393.3,2
R52225: GGT16,GGT16,GGT16 (PO-1170),2018-07-20,1390.0,2
R12840: GGT16,GGT16,GGT16 (PO-1170),2018-10-08,1460.0,3
R53419: GGT16,GGT16,GGT16 (PO-1170),2018-10-08,1446.7,3
R12843: GGT16,GGT16,GGT16 (PO-1170),2018-10-08,1430.0,4
R12852: GGT16,GGT16,GGT16 (PO-1170),2018-10-08,1413.3,4
R12818: GGT16,GGT16,GGT16 (PO-1170),2018-10-08,1408.0,5
R12829: GGT16,GGT16,GGT16 (PO-1170),2018-10-08,1406.7,5
R12850: GGT16,GGT16,GGT16 (PO-1170),2018-10-08,1403.3,5
R50604: GGT16,GGT16,GGT16 (PO-1170),2018-10-08,1403.3,5
R12830: GGT16,GGT16,GGT16 (PO-1170),2018-10-08,1400.0,5
R12835: GGT16,GGT16,GGT16 (PO-1170),2018-10-08,1400.0,5
R12845: GGT16,GGT16,GGT16 (PO-1170),2018-10-08,1400.0,5
R12848: GGT16,GGT16,GGT16 (PO-1170),2018-10-08,1400.0,5
R51622: GGT16,GGT16,GGT16 (PO-1170),2018-10-08,1400.0,5
R35044: GGT16,GGT16,GGT16 (PO-1170),2018-10-08,1396.7,5
R53391: GGT16,GGT16,GGT16 (PO-1170),2018-10-08,1393.3,5
R51560: GGT16,GGT16,GGT16 (PO-1170),2018-10-08,1390.0,5
R52515: GGT16,GGT16,GGT16 (PO-1170),2018-10-08,1390.0,5
R50502: GGT16,GGT16,GGT16 (PO-1170),2018-10-08,1386.7,6
R12853: GGT16,GGT16,GGT16 (PO-1170),2018-10-08,1383.3,6
R53490: GGT16,GGT16,GGT16 (PO-1170),2018-10-08,1380.0,6
R45781: GGT16,GGT16,GGT16 (PO-1170),2018-10-08,1376.7,6
R53139: GGT16,GGT16,GGT16 (PO-1170),2018-10-08,1373.3,6
R44274: GGT16,GGT16,GGT16 (PO-1170),2018-10-08,1370.0,6
R47973: GGT16,GGT16,GGT16 (PO-1170),2018-10-08,1010.0,7
R42348: GGT16,GGT16,GGT16 (PO-1170),2018-10-08,758.0,8
R12819: GGT16,GGT16,GGT16 (PO-1170),2018-10-08,1.4,9
R14114: GGT16,GGT16,GGT16 (PO-1210),2018-12-17,1460.0,10
R55550: GGT16,GGT16,GGT16 (PO-1210),2018-12-17,1456.7,10
R14047: GGT16,GGT16,GGT16 (PO-1210),2018-12-17,1423.3,11
R14087: GGT16,GGT16,GGT16 (PO-1210),2018-12-17,1406.7,11
R14093: GGT16,GGT16,GGT16 (PO-1210),2018-12-17,1400.0,12
R14084: GGT16,GGT16,GGT16 (PO-1210),2018-12-17,1396.7,12
R53616: GGT16,GGT16,GGT16 (PO-1210),2018-12-17,1396.7,12
R14048: GGT16,GGT16,GGT16 (PO-1210),2018-12-17,1390.0,12
R55378: GGT16,GGT16,GGT16 (PO-1210),2018-12-17,1386.7,12
R14046: GGT16,GGT16,GGT16 (PO-1210),2018-12-17,1383.3,12
R14054: GGT16,GGT16,GGT16 (PO-1210),2018-12-17,1383.3,12
R14077: GGT16,GGT16,GGT16 (PO-1210),2018-12-17,1383.3,12
R14082: GGT16,GGT16,GGT16 (PO-1210),2018-12-17,1383.3,12
R14102: GGT16,GGT16,GGT16 (PO-1210),2018-12-17,1383.3,12
R14121: GGT16,GGT16,GGT16 (PO-1210),2018-12-17,1383.3,12
R14124: GGT16,GGT16,GGT16 (PO-1210),2018-12-17,1383.3,12
R45674: GGT16,GGT16,GGT16 (PO-1210),2018-12-17,1383.3,12
R14035: GGT16,GGT16,GGT16 (PO-1210),2018-12-17,1380.0,13
R14051: GGT16,GGT16,GGT16 (PO-1210),2018-12-17,1380.0,13
R14080: GGT16,GGT16,GGT16 (PO-1210),2018-12-17,1380.0,13
R55853: GGT16,GGT16,GGT16 (PO-1210),2018-12-17,1380.0,13
R14043: GGT16,GGT16,GGT16 (PO-1210),2018-12-17,1376.7,13
R14067: GGT16,GGT16,GGT16 (PO-1210),2018-12-17,1376.7,13
R14073: GGT16,GGT16,GGT16 (PO-1210),2018-12-17,1376.7,13
R14127: GGT16,GGT16,GGT16 (PO-1210),2018-12-17,1376.7,13
R14130: GGT16,GGT16,GGT16 (PO-1210),2018-12-17,1376.7,13
R45282: GGT16,GGT16,GGT16 (PO-1210),2018-12-17,1376.7,13
R55009: GGT16,GGT16,GGT16 (PO-1210),2018-12-17,1376.7,13
R14061: GGT16,GGT16,GGT16 (PO-1210),2018-12-17,1373.3,13
R14081: GGT16,GGT16,GGT16 (PO-1210),2018-12-17,1373.3,13
R14110: GGT16,GGT16,GGT16 (PO-1210),2018-12-17,1373.3,13
R14113: GGT16,GGT16,GGT16 (PO-1210),2018-12-17,1373.3,13
R14058: GGT16,GGT16,GGT16 (PO-1210),2018-12-17,1370.0,13
R14068: GGT16,GGT16,GGT16 (PO-1210),2018-12-17,1370.0,13
R14074: GGT16,GGT16,GGT16 (PO-1210),2018-12-17,1370.0,13
R14086: GGT16,GGT16,GGT16 (PO-1210),2018-12-17,1370.0,13
R14095: GGT16,GGT16,GGT16 (PO-1210),2018-12-17,1370.0,13
R14122: GGT16,GGT16,GGT16 (PO-1210),2018-12-17,1370.0,13
R14123: GGT16,GGT16,GGT16 (PO-1210),2018-12-17,1370.0,13
R14135: GGT16,GGT16,GGT16 (PO-1210),2018-12-17,1370.0,13
R45070: GGT16,GGT16,GGT16 (PO-1210),2018-12-17,1370.0,13
R55576: GGT16,GGT16,GGT16 (PO-1210),2018-12-17,1370.0,13
R14078: GGT16,GGT16,GGT16 (PO-1210),2018-12-17,1366.7,13
R14089: GGT16,GGT16,GGT16 (PO-1210),2018-12-17,1366.7,13
R14105: GGT16,GGT16,GGT16 (PO-1210),2018-12-17,1366.7,13
R42297: GGT16,GGT16,GGT16 (PO-1210),2018-12-17,1366.7,13
R14039: GGT16,GGT16,GGT16 (PO-1210),2018-12-17,1363.3,13
R14065: GGT16,GGT16,GGT16 (PO-1210),2018-12-17,1363.3,13
R14104: GGT16,GGT16,GGT16 (PO-1210),2018-12-17,1363.3,13
R47194: GGT16,GGT16,GGT16 (PO-1210),2018-12-17,1363.3,13
R47546: GGT16,GGT16,GGT16 (PO-1210),2018-12-17,1363.3,13
R14044: GGT16,GGT16,GGT16 (PO-1210),2018-12-17,1360.0,14
R14069: GGT16,GGT16,GGT16 (PO-1210),2018-12-17,1360.0,14
R14037: GGT16,GGT16,GGT16 (PO-1210),2018-12-17,1356.7,14
R14076: GGT16,GGT16,GGT16 (PO-1210),2018-12-17,1356.7,14
R14096: GGT16,GGT16,GGT16 (PO-1210),2018-12-17,1356.7,14
R46559: GGT16,GGT16,GGT16 (PO-1210),2018-12-17,1356.7,14
R54669: GGT16,GGT16,GGT16 (PO-1210),2018-12-17,1356.7,14
R14045: GGT16,GGT16,GGT16 (PO-1210),2018-12-17,1353.3,14
R14062: GGT16,GGT16,GGT16 (PO-1210),2018-12-17,1353.3,14
R14116: GGT16,GGT16,GGT16 (PO-1210),2018-12-17,1350.0,14
R14126: GGT16,GGT16,GGT16 (PO-1210),2018-12-17,1350.0,14
R14132: GGT16,GGT16,GGT16 (PO-1210),2018-12-17,1350.0,14
R14133: GGT16,GGT16,GGT16 (PO-1210),2018-12-17,1350.0,14
R14115: GGT16,GGT16,GGT16 (PO-1210),2018-12-17,1346.7,14
R14119: GGT16,GGT16,GGT16 (PO-1210),2018-12-17,1346.7,14
R46132: GGT16,GGT16,GGT16 (PO-1210),2018-12-17,1343.3,14
R14111: GGT16,GGT16,GGT16 (PO-1210),2018-12-17,1340.0,15
R46097: GGT16,GGT16,GGT16 (PO-1210),2018-12-17,1340.0,15
R14049: GGT16,GGT16,GGT16 (PO-1210),2018-12-17,952.0,16
R23370: GGT16,GGT16,,,1356.7,17
R47940: HC293,HC293,"""HM678, HM122, HC293 (PO-3605)""",2021-07-02,1500.0,1
R52994: HC293,HC293,"""HM678, HM122, HC293 (PO-3605)""",2021-07-02,1480.0,1
R49607: HC293,HC293,"""HM678, HM122, HC293 (PO-3605)""",2021-07-02,1470.0,2
R52453: LN135,LN135,LN135 (PO-8256),2024-07-01,1345.0,1
R54307: LN135,LN135,LN135 (PO-8256),2024-07-01,1330.0,1
R54675: LN135,LN135,LN135 (PO-8256),2024-07-01,1326.7,2
R53405: LN135,LN135,LN135 (PO-8256),2024-07-01,1323.3,2
R53441: LN135,LN135,LN135 (PO-8256),2024-07-01,1316.7,2
R55607: LN135,LN135,LN135 (PO-8256),2024-07-01,1316.7,2
R55712: LN135,LN135,LN135 (PO-8256),2024-07-01,1316.7,2
R55572: LN135,LN135,LN135 (PO-8256),2024-07-01,1313.3,2
R53935: LN135,LN135,LN135 (PO-8256),2024-07-01,1310.0,2
R55474: LN135,LN135,LN135 (PO-8256),2024-07-01,1310.0,2
R55681: LN135,LN135,LN135 (PO-8256),2024-07-01,1300.0,3
R44045: LSC19,LSC19,LSC19 (PO-5585),,1416.65,1
R53492: LSC19,LSC19,LSC19 (PO-5585),,1406.7,1
R34572: LSC19,LSC19,LSC19 (PO-5585),,1403.3,1
R44314: LSC19,LSC19,LSC19 (PO-5585),,1400.0,1
R49158: LSC19,LSC19,LSC19 (PO-5585),,1400.0,1
R55523: LSC19,LSC19,LSC19 (PO-5585),,1396.7,1
R49797: LSC19,LSC19,LSC19 (PO-5585),,1396.65,1
R50061: LSC19,LSC19,LSC19 (PO-5585),,1393.35,1
R53141: LSC19,LSC19,LSC19 (PO-5585),,1393.3,1
R34551: LSC19,LSC19,LSC19 (PO-5585),,1390.0,1
R46414: LSC19,LSC19,LSC19 (PO-5585),,1389.0,1
R44444: LSC19,LSC19,LSC19 (PO-5585),,1384.5,1
R43440: LSC19,LSC19,LSC19 (PO-5585),,1375.35,1
R49617: LSC19,LSC19,LSC19 (PO-5585),,1371.65,1
R47334: LSC19,LSC19,LSC19 (PO-5585),,1358.7,1
R51147: LTCSL,LTCSL,LTCSL (PO-5749),2023-01-06,1516.7,1
R45691: LTCSL,LTCSL,LTCSL (PO-5749),2023-01-06,1496.7,1
R45670: LTCSL,LTCSL,LTCSL (PO-5749),2023-01-06,1493.3,2
R44722: LTCSL,LTCSL,LTCSL (PO-5749),2023-01-06,1490.0,2
R45130: LTCSL,LTCSL,LTCSL (PO-5749),2023-01-06,1490.0,2
R50271: LTCSL,LTCSL,LTCSL (PO-5749),2023-01-06,1486.7,2
R55146: LTCSL,LTCSL,LTCSL (PO-5749),2023-01-06,1483.3,2
R47190: LTCSL,LTCSL,LTCSL (PO-5749),2023-01-06,1478.8999999999999,2
R53271: LTCSL,LTCSL,LTCSL (PO-5749),2023-01-06,1466.7,3
R50254: LTCSL,LTCSL,"""CTW70, LTCSLLTCSN, CTW7N (PO-6710PO-6901)""",2023-08-04,1500.0,4
R47298: LTCSL,LTCSL,"""CTW70, LTCSLLTCSN, CTW7N (PO-6710PO-6901)""",2023-08-04,1496.7,4
R44691: LTCSL,LTCSL,"""CTW70, LTCSLLTCSN, CTW7N (PO-6710PO-6901)""",2023-08-04,1493.3,4
R50911: LTCSL,LTCSL,"""CTW70, LTCSLLTCSN, CTW7N (PO-6710PO-6901)""",2023-08-04,1493.3,4
R47019: LTCSL,LTCSL,"""CTW70, LTCSLLTCSN, CTW7N (PO-6710PO-6901)""",2023-08-04,1490.5333333333335,4
R52047: LTCSL,LTCSL,"""CTW70, LTCSLLTCSN, CTW7N (PO-6710PO-6901)""",2023-08-04,1490.0,4
R53305: LTCSL,LTCSL,"""CTW70, LTCSLLTCSN, CTW7N (PO-6710PO-6901)""",2023-08-04,1490.0,4
R50192: LTCSL,LTCSL,"""CTW70, LTCSLLTCSN, CTW7N (PO-6710PO-6901)""",2023-08-04,1486.7,4
R50909: LTCSL,LTCSL,"""CTW70, LTCSLLTCSN, CTW7N (PO-6710PO-6901)""",2023-08-04,1486.7,4
R53564: LTCSL,LTCSL,"""CTW70, LTCSLLTCSN, CTW7N (PO-6710PO-6901)""",2023-08-04,1486.7,4
R46575: LTCSL,LTCSL,"""CTW70, LTCSLLTCSN, CTW7N (PO-6710PO-6901)""",2023-08-04,1483.3333333333333,4
R47983: LTCSL,LTCSL,"""CTW70, LTCSLLTCSN, CTW7N (PO-6710PO-6901)""",2023-08-04,1481.1333333333332,4
R44686: LTCSL,LTCSL,"""CTW70, LTCSLLTCSN, CTW7N (PO-6710PO-6901)""",2023-08-04,1480.0,4
R48551: LTCSL,LTCSL,"""CTW70, LTCSLLTCSN, CTW7N (PO-6710PO-6901)""",2023-08-04,1480.0,4
R49770: LTCSL,LTCSL,"""CTW70, LTCSLLTCSN, CTW7N (PO-6710PO-6901)""",2023-08-04,1480.0,4
R50451: LTCSL,LTCSL,"""CTW70, LTCSLLTCSN, CTW7N (PO-6710PO-6901)""",2023-08-04,1480.0,4
R55369: LTCSL,LTCSL,"""CTW70, LTCSLLTCSN, CTW7N (PO-6710PO-6901)""",2023-08-04,1480.0,4
R44688: LTCSL,LTCSL,"""CTW70, LTCSLLTCSN, CTW7N (PO-6710PO-6901)""",2023-08-04,1476.7,5
R45776: LTCSL,LTCSL,"""CTW70, LTCSLLTCSN, CTW7N (PO-6710PO-6901)""",2023-08-04,1476.7,5
R55532: LTCSL,LTCSL,"""CTW70, LTCSLLTCSN, CTW7N (PO-6710PO-6901)""",2023-08-04,1470.0,5
R49486: LTCSL,LTCSL,"""CTW70, LTCSLLTCSN, CTW7N (PO-6710PO-6901)""",2023-08-04,1466.7,5
R44680: LTCSL,LTCSL,"""CTW70, LTCSLLTCSN, CTW7N (PO-6710PO-6901)""",2023-08-04,1433.3,6
R53989: LTCSL,LTCSL,,,1014.3,7
R53080: LY100,LY100,"""LY100, TNCDO (PO-3469)""",2021-03-29,1553.3,1
R52521: LY100,LY100,LY100 (PO-6403),2023-03-16,1486.65,2
R55476: LY100,LY100,LY100 (PO-9136),2024-11-14,1480.0,3
R52575: LY100,LY100,LY100 (PO-9136),2025-01-23,1501.65,4
R52579: LY100,LY100,LY100 (PO-9136),2025-01-23,1495.0,4
R55924: LY100,LY100,LY100 (PO-9136),2025-01-23,1493.3,4
R53937: LY100,LY100,LY100 (PO-9136),2025-01-23,1490.0,4
R55796: LY100,LY100,LY100 (PO-9136),2025-01-23,1490.0,4
R55326: LY100,LY100,LY100 (PO-9136),2025-01-23,1480.0,5
R55871: LY100,LY100,LY100 (PO-9136),2025-01-23,1470.0,5
R53363: LY115,LY115,LY115 (PO-2510),2020-11-09,1546.7,1
R53689: LY115,LY115,LY115 (PO-9137),2025-02-12,1520.0,2
R53690: LY115,LY115,LY115 (PO-9137),2025-02-12,1516.7,2
R53674: LY115,LY115,LY115 (PO-9137),2025-02-12,1513.3,2
R53692: LY115,LY115,LY115 (PO-9137),2025-02-12,1510.0,2
R53695: LY115,LY115,LY115 (PO-9137),2025-02-12,1510.0,2
R53688: LY115,LY115,LY115 (PO-9137),2025-02-12,1510.0,2
R53679: LY115,LY115,LY115 (PO-9137),2025-02-12,1506.7,2
R53694: LY115,LY115,LY115 (PO-9137),2025-02-12,1506.7,2
R55802: LY115,LY115,LY115 (PO-9137),2025-02-12,1506.7,2
R55863: LY115,LY115,LY115 (PO-9137),2025-02-12,1506.7,2
R55919: LY115,LY115,LY115 (PO-9137),2025-02-12,1506.7,2
R53699: LY115,LY115,LY115 (PO-9137),2025-02-12,1503.3,2
R53696: LY115,LY115,LY115 (PO-9137),2025-02-12,1503.3,2
R53675: LY115,LY115,LY115 (PO-9137),2025-02-12,1503.3,2
R53681: LY115,LY115,LY115 (PO-9137),2025-02-12,1503.3,2
R53678: LY115,LY115,LY115 (PO-9137),2025-02-12,1503.3,2
R53676: LY115,LY115,LY115 (PO-9137),2025-02-12,1503.3,2
R53698: LY115,LY115,LY115 (PO-9137),2025-02-12,1503.3,2
R53693: LY115,LY115,LY115 (PO-9137),2025-02-12,1503.3,2
R53691: LY115,LY115,LY115 (PO-9137),2025-02-12,1500.0,2
R53683: LY115,LY115,LY115 (PO-9137),2025-02-12,1500.0,2
R53677: LY115,LY115,LY115 (PO-9137),2025-02-12,1500.0,2
R53697: LY115,LY115,LY115 (PO-9137),2025-02-12,1500.0,2
R53682: LY115,LY115,LY115 (PO-9137),2025-02-12,1500.0,2
R53684: LY115,LY115,LY115 (PO-9137),2025-02-12,1500.0,2
R55873: LY115,LY115,LY115 (PO-9137),2025-02-12,1500.0,2
R55896: LY115,LY115,LY115 (PO-9137),2025-02-12,1500.0,2
R53687: LY115,LY115,LY115 (PO-9137),2025-02-12,1496.7,3
R39147: MCTST,MCTST,MCTST (PO-5665),2022-12-09,1620.0,1
R48502: MCTST,MCTST,MCTST (PO-5665),2022-12-09,1610.0,1
R39149: MCTST,MCTST,MCTST (PO-5665),2022-12-09,1590.0,2
R42362: MCTST,MCTST,MCTST (PO-5665),2022-12-09,1563.3,3
R53941: MCTST,MCTST,MCTST (PO-5665),2022-12-09,1560.0,3
R42360: MCTST,MCTST,MCTST (PO-5665),2022-12-09,1556.7,3
R55891: MCTST,MCTST,MCTST (PO-5665),2022-12-09,1556.7,3
R39134: MCTST,MCTST,MCTST (PO-5665),2022-12-09,1553.3,3
R39142: MCTST,MCTST,MCTST (PO-5665),2022-12-09,1553.3,3
R42365: MCTST,MCTST,MCTST (PO-5665),2022-12-09,1553.3,3
R49417: MCTST,MCTST,MCTST (PO-5665),2022-12-09,1553.3,3
R42366: MCTST,MCTST,MCTST (PO-5665),2022-12-09,1550.0,3
R50314: MCTST,MCTST,MCTST (PO-5665),2022-12-09,1550.0,3
R55798: MCTST,MCTST,MCTST (PO-5665),2022-12-09,1550.0,3
R42361: MCTST,MCTST,MCTST (PO-5665),2022-12-09,1546.7,3
R55803: MCTST,MCTST,MCTST (PO-5665),2022-12-09,1543.3,3
R55859: MCTST,MCTST,MCTST (PO-5665),2022-12-09,1543.3,3
R50032: MCTST,MCTST,MCTST (PO-5665),2022-12-09,1540.0,4
R47881: MCTST,MCTST,MCTST (PO-5665),2022-12-09,1536.7,4
R47094: MCTST,MCTST,MCTST (PO-5665),2022-12-09,1530.0,4
R55876: MCTST,MCTST,MCTST (PO-5665),2022-12-09,1530.0,4
R46448: MCTST,MCTST,MCTST (PO-5665),2022-12-09,1520.0,4
R49512: MCTST,MCTST,MCTST (PO-5665),2022-12-09,1500.0,5
R39137: MCTST,MCTST,MCTST (PO-5665),2022-12-09,,6
R39140: MCTST,MCTST,MCTST (PO-5665),2022-12-09,,7
R39141: MCTST,MCTST,MCTST (PO-5665),2022-12-09,,8
R52331: MCTTW,MCTTW,MCTTW (PO-5664),2022-12-09,1530.0,1
R55361: MCTTW,MCTTW,MCTTW (PO-5664),2022-12-09,1510.0,1
R39167: MCTTW,MCTTW,MCTTW (PO-5664),2022-12-09,1496.7,2
R46068: MCTTW,MCTTW,MCTTW (PO-5664),2022-12-09,1490.0,2
R51537: MCTTW,MCTTW,MCTTW (PO-6061),2023-02-13,1550.0,3
R52045: MCTTW,MCTTW,MCTTW (PO-6061),2023-02-13,1550.0,3
R55136: MCTTW,MCTTW,MCTTW (PO-6061),2023-02-13,1516.7,4
R55028: MCTTW,MCTTW,MCTTW (PO-6061),2023-02-13,1506.7,4
R55898: MCTTW,MCTTW,MCTTW (PO-6061),2023-02-13,1503.3,4
R55010: MCTTW,MCTTW,MCTTW (PO-6061),2023-02-13,1500.0,4
R55879: MCTTW,MCTTW,MCTTW (PO-6061),2023-02-13,1500.0,4
R52630: OC135,OC135,OC135 (PO-3470),2021-06-11,1550.0,1
R52631: OC135,OC135,OC135 (PO-3470),2021-06-11,1550.0,1
R50583: OC135,OC135,OC135 (PO-4332),2021-12-08,1566.7,2
R52636: OC135,OC135,OC135 (PO-4332),2021-12-08,1566.7,2
R42279: OC135,OC135,OC135 (PO-4332),2021-12-08,1560.0,2
R42495: OC135,OC135,OC135 (PO-4332),2021-12-08,1560.0,2
R44442: OC135,OC135,OC135 (PO-4332),2021-12-08,1560.0,2
R52633: OC135,OC135,OC135 (PO-4332),2021-12-08,1560.0,2
R39191: OC135,OC135,OC135 (PO-4332),2021-12-08,1553.3,2
R39192: OC135,OC135,OC135 (PO-4332),2021-12-08,1553.3,2
R43403: OC135,OC135,OC135 (PO-4332),2021-12-08,1550.0,2
R52632: OC135,OC135,OC135 (PO-4332),2021-12-08,1550.0,2
R52635: OC135,OC135,OC135 (PO-4332),2021-12-08,1550.0,2
R39189: OC135,OC135,OC135 (PO-4332),2021-12-08,1546.7,2
R45833: OC135,OC135,OC135 (PO-4332),2021-12-08,1546.7,2
R39193: OC135,OC135,OC135 (PO-4332),2021-12-08,1543.3,3
R51778: OC135,OC135,OC135 (PO-4332),2021-12-08,1543.3,3
R42840: OC135,OC135,OC135 (PO-4332),2021-12-08,1536.7,3
R52634: OC135,OC135,OC135 (PO-4332),2021-12-08,1536.7,3
R55914: OC135,OC135,OC135 (PO-4332),2021-12-08,1536.7,3
R32263: OC135,OC135,OC135 (PO-4332),2021-12-08,1536.65,3
R32253: OC135,OC135,OC135 (PO-4332),2021-12-08,1535.0,3
R49335: OC135,OC135,OC135 (PO-4332),2021-12-08,1533.35,3
R47946: OC135,OC135,OC135 (PO-4332),2021-12-08,1533.3,3
R53615: OC135,OC135,OC135 (PO-4332),2021-12-08,1533.3,3
R39186: OC135,OC135,OC135 (PO-4332),2021-12-08,1530.0,3
R51648: OC135,OC135,OC135 (PO-4332),2021-12-08,1523.3,3
R53144: OC135,OC135,OC135 (PO-4332),2021-12-08,1523.3,3
R53359: OC135,OC135,OC135 (PO-4332),2021-12-08,1520.0,4
R55140: OC135,OC135,OC135 (PO-4332),2021-12-08,1516.7,4
R55470: OC135,OC135,OC135 (PO-4332),2021-12-08,1516.7,4
R42280: OC135,OC135,OC135 (PO-4332),2021-12-08,1510.0,4
R42321: OC135,OC135,OC135 (PO-4332),2021-12-08,1510.0,4
R32257: OC135,OC135,OC135 (PO-4332),2021-12-08,1508.35,4
R32284: OC135,OC135,OC135 (PO-4332),2021-12-08,1508.3,4
R50457: OC135,OC135,OC135 (PO-4332),2021-12-08,1506.7,4
R55625: OC135,OC135,OC135 (PO-4332),2021-12-08,1506.7,4
R42276: OC135,OC135,OC135 (PO-4332),2021-12-08,1503.3,4
R50756: OC135,OC135,OC135 (PO-4332),2021-12-08,1503.3,4
R54069: OC135,OC135,OC135 (PO-4332),2021-12-08,1503.3,4
R42286: OC135,OC135,OC135 (PO-4332),2021-12-08,1500.0,4
R42341: OC135,OC135,OC135 (PO-4332),2021-12-08,1500.0,4
R47065: OC135,OC135,OC135 (PO-4332),2021-12-08,1500.0,4
R53093: OC135,OC135,OC135 (PO-4332),2021-12-08,1500.0,4
R43001: OC135,OC135,OC135 (PO-4332),2021-12-08,1486.7,5
R47409: OC135,OC135,OC135 (PO-4332),2021-12-08,1480.0,5
R50705: OC135,OC135,OC135 (PO-4332),2021-12-08,1480.0,5
R55854: OC135,OC135,OC135 (PO-4332),2021-12-08,1480.0,5
R45276: OC135,OC135,OC135 (PO-4332),2021-12-08,1473.3,5
R47227: OC135,OC135,OC135 (PO-4332),2021-12-08,1470.0,5
R53215: OC135,OC135,OC135 (PO-4332),2021-12-08,1470.0,5
R55321: OC135,OC135,OC135 (PO-4332),2021-12-08,1470.0,5
R53297: OC135,OC135,OC135 (PO-4332),2021-12-08,1463.3,6
R44760: OC135,OC135,OC135 (PO-4332),2021-12-08,1456.7,6
R51531: OC135,OC135,OC135 (PO-4332),2021-12-08,1456.7,6
R48718: OC135,OC135,OC135 (PO-4332),2021-12-08,1450.0,6
R32286: OC135,OC135,OC135 (PO-4332),2021-12-08,1446.7,6
R46413: OC135,OC135,OC135 (PO-4332),2021-12-08,1443.3,7
R32294: OC135,OC135,OC135 (PO-4332),2021-12-08,1433.3,7
R49137: OC135,OC135,OC135 (PO-4332),2021-12-08,1416.7,8
R48719: OC135,OC135,OC135 (PO-4332),2021-12-08,1406.7,8
R29008: OCFLN,OCFLN,"""OCT70, OCFLN, SECTN (PO-3527)""",2021-07-28,1505.0,1
R28983: OCFLN,OCFLN,"""OCT70, OCFLN, SECTN (PO-3527)""",2021-07-28,1500.0,1
R47944: OCFLN,OCFLN,"""OCT70, OCFLN, SECTN (PO-3527)""",2021-07-28,1500.0,1
R28993: OCFLN,OCFLN,"""OCT70, OCFLN, SECTN (PO-3527)""",2021-07-28,1486.7,1
R28994: OCFLN,OCFLN,"""OCT70, OCFLN, SECTN (PO-3527)""",2021-07-28,1483.3,2
R28995: OCFLN,OCFLN,"""OCT70, OCFLN, SECTN (PO-3527)""",2021-07-28,1476.7,2
R28998: OCFLN,OCFLN,"""OCT70, OCFLN, SECTN (PO-3527)""",2021-07-28,1473.3,2
R28999: OCFLN,OCFLN,"""OCT70, OCFLN, SECTN (PO-3527)""",2021-07-28,1470.0,2
R29004: OCFLN,OCFLN,"""OCT70, OCFLN, SECTN (PO-3527)""",2021-07-28,1470.0,2
R47880: OCFLN,OCFLN,"""OCT70, OCFLN, SECTN (PO-3527)""",2021-07-28,1470.0,2
R47224: OCFLN,OCFLN,"""OCT70, OCFLN, SECTN (PO-3527)""",2021-07-28,1440.0,3
R55529: OCFLN,OCFLN,"""OCT70, OCFLN, SECTN (PO-3527)""",2021-07-28,1436.7,3
R34260: OCFLN,OCFLN,"""OCT70, OCFLN, SECTN (PO-3527)""",2021-07-28,,4
R39227: OCFLN,OCFLN,"""OCT70, OCFLN, SECTN (PO-3527)""",2021-07-28,,5
R53865: OCT70,OCT70,"""OCT70, OCFLN, SECTN (PO-3527)""",2021-07-28,1510.0,1
R53852: OCT70,OCT70,"""OCT70, OCFLN, SECTN (PO-3527)""",2021-07-28,1496.7,1
R55360: OCT70,OCT70,"""OCT70, OCFLN, SECTN (PO-3527)""",2021-07-28,1493.3,1
R51865: OCT70,OCT70,"""OCT70, OCFLN, SECTN (PO-3527)""",2021-07-28,1486.7,2
R55918: OCT70,OCT70,"""OCT70, OCFLN, SECTN (PO-3527)""",2021-07-28,1473.3,2
R50668: OCT70,OCT70,"""OCT70, OCFLN, SECTN (PO-3527)""",2021-07-28,1463.3,3
R53866: OCT70,OCT70,"""OCT70, OCFLN, SECTN (PO-3527)""",2021-07-28,1460.0,3
R51165: OCT70,OCT70,"""OCT70, OCFLN, SECTN (PO-3527)""",2021-07-28,1453.3,3
R50399: OCT70,OCT70,"""OCT70, OCFLN, SECTN (PO-3527)""",2021-07-28,1446.7,3
R26809: OCT70,OCT70,"""OCT70, OCFLN, SECTN (PO-3527)""",2021-07-28,1443.35,3
R39071: OCT70,OCT70,"""OCT70, OCFLN, SECTN (PO-3527)""",2021-07-28,1443.35,3
R55875: OCT70,OCT70,"""OCT70, OCFLN, SECTN (PO-3527)""",2021-07-28,1443.3,3
R55673: OCT70,OCT70,"""OCT70, OCFLN, SECTN (PO-3527)""",2021-07-28,1440.0,4
R51139: OCT70,OCT70,"""OCT70, OCFLN, SECTN (PO-3527)""",2021-07-28,1433.3,4
R55548: OCT70,OCT70,"""OCT70, OCFLN, SECTN (PO-3527)""",2021-07-28,1433.3,4
R53496: OCT70,OCT70,"""OCT70, OCFLN, SECTN (PO-3527)""",2021-07-28,1430.0,4
R51671: OCT70,OCT70,"""OCT70, OCFLN, SECTN (PO-3527)""",2021-07-28,1426.7,4
R53951: OCT70,OCT70,"""OCT70, OCFLN, SECTN (PO-3527)""",2021-07-28,1423.3,4
R55571: OCT70,OCT70,"""OCT70, OCFLN, SECTN (PO-3527)""",2021-07-28,1410.0,5
R55499: OCT70,OCT70,"""OCT70, OCFLN, SECTN (PO-3527)""",2021-07-28,1363.3,6
R51273: OCT70,OCT70,OCT70 (PO-6272),2023-04-20,1426.7,7
R41728: OCT70,OCT70,OCT70 (PO-6272),2023-04-20,1411.65,7
R54677: OCT70,OCT70,OCT70 (PO-6272),2023-04-20,1406.7,8
R51824: OCT70,OCT70,OCT70 (PO-6272),2023-04-20,1400.0,8
R52371: OCT70,OCT70,OCT70 (PO-6272),2023-04-20,1400.0,8
R52920: OCT70,OCT70,OCT70 (PO-6272),2023-04-20,1400.0,8
R45688: OCT70,OCT70,OCT70 (PO-6272),2023-04-20,1393.3,8
R45837: OCT70,OCT70,OCT70 (PO-6272),2023-04-20,1390.0,8
R52523: OCT70,OCT70,OCT70 (PO-6272),2023-04-20,1390.0,8
R54057: OCT70,OCT70,OCT70 (PO-6272),2023-04-20,1386.7,9
R55035: OCT70,OCT70,OCT70 (PO-6272),2023-04-20,1386.7,9
R47864: OCT70,OCT70,OCT70 (PO-6272),2023-04-20,1380.0,9
R53428: OCT70,OCT70,OCT70 (PO-6272),2023-04-20,1373.3,9
R41731: OCT70,OCT70,OCT70 (PO-6272),2023-04-20,1371.65,9
R51647: OCT70,OCT70,OCT70 (PO-6272),2023-04-20,1370.0,9
R53621: OCT70,OCT70,OCT70 (PO-6272),2023-04-20,1366.7,10
R44267: OCT70,OCT70,OCT70 (PO-6272),2023-04-20,1365.0,10
R41721: OCT70,OCT70,OCT70 (PO-6272),2023-04-20,1363.35,10
R52976: OCT70,OCT70,OCT70 (PO-6272),2023-04-20,1363.3,10
R55134: OCT70,OCT70,OCT70 (PO-6272),2023-04-20,1363.3,10
R55857: OCT70,OCT70,OCT70 (PO-6272),2023-04-20,1363.3,10
R55592: OCT70,OCT70,OCT70 (PO-6272),2023-04-20,1360.0,10
R44023: OCT70,OCT70,OCT70 (PO-6272),2023-04-20,1356.7,10
R46105: OCT70,OCT70,OCT70 (PO-6272),2023-04-20,1355.0,10
R53199: OCT70,OCT70,OCT70 (PO-6272),2023-04-20,1346.7,11
R53289: OCT70,OCT70,OCT70 (PO-6272),2023-04-20,1343.3,11
R41762: OCT70,OCT70,OCT70 (PO-6272),2023-04-20,1332.5,11
R41717: OCT70,OCT70,OCT70 (PO-6272),2023-04-20,,12
R55920: PIMA7,PIMA7,PIMA7 (PO-7745),2024-02-23,1533.3,1
R51229: PIMA7,PIMA7,PIMA7 (PO-7745),2024-02-23,1523.3,1
R51970: PIMA7,PIMA7,PIMA7 (PO-7745),2024-02-23,1523.3,1
R52280: PIMA7,PIMA7,PIMA7 (PO-7745),2024-02-23,1523.3,1
R55150: PIMA7,PIMA7,PIMA7 (PO-7745),2024-02-23,1523.3,1
R50091: PIMA7,PIMA7,PIMA7 (PO-7745),2024-02-23,1520.0,1
R50279: PIMA7,PIMA7,PIMA7 (PO-7745),2024-02-23,1520.0,1
R50378: PIMA7,PIMA7,PIMA7 (PO-7745),2024-02-23,1520.0,1
R50626: PIMA7,PIMA7,PIMA7 (PO-7745),2024-02-23,1520.0,1
R51541: PIMA7,PIMA7,PIMA7 (PO-7745),2024-02-23,1520.0,1
R52355: PIMA7,PIMA7,PIMA7 (PO-7745),2024-02-23,1520.0,1
R53085: PIMA7,PIMA7,PIMA7 (PO-7745),2024-02-23,1520.0,1
R54060: PIMA7,PIMA7,PIMA7 (PO-7745),2024-02-23,1520.0,1
R53988: PIMA7,PIMA7,PIMA7 (PO-7745),2024-02-23,1520.0,1
R48222: PIMA7,PIMA7,PIMA7 (PO-7745),2024-02-23,1516.7,1
R49534: PIMA7,PIMA7,PIMA7 (PO-7745),2024-02-23,1516.7,1
R49575: PIMA7,PIMA7,PIMA7 (PO-7745),2024-02-23,1516.7,1
R50398: PIMA7,PIMA7,PIMA7 (PO-7745),2024-02-23,1516.7,1
R52454: PIMA7,PIMA7,PIMA7 (PO-7745),2024-02-23,1516.7,1
R53408: PIMA7,PIMA7,PIMA7 (PO-7745),2024-02-23,1516.7,1
R55680: PIMA7,PIMA7,PIMA7 (PO-7745),2024-02-23,1516.7,1
R48248: PIMA7,PIMA7,PIMA7 (PO-7745),2024-02-23,1513.3,1
R49735: PIMA7,PIMA7,PIMA7 (PO-7745),2024-02-23,1513.3,1
R50257: PIMA7,PIMA7,PIMA7 (PO-7745),2024-02-23,1513.3,1
R50560: PIMA7,PIMA7,PIMA7 (PO-7745),2024-02-23,1513.3,1
R50698: PIMA7,PIMA7,PIMA7 (PO-7745),2024-02-23,1513.3,1
R50895: PIMA7,PIMA7,PIMA7 (PO-7745),2024-02-23,1513.3,1
R51155: PIMA7,PIMA7,PIMA7 (PO-7745),2024-02-23,1513.3,1
R51303: PIMA7,PIMA7,PIMA7 (PO-7745),2024-02-23,1513.3,1
R51826: PIMA7,PIMA7,PIMA7 (PO-7745),2024-02-23,1513.3,1
R52293: PIMA7,PIMA7,PIMA7 (PO-7745),2024-02-23,1513.3,1
R53613: PIMA7,PIMA7,PIMA7 (PO-7745),2024-02-23,1513.3,1
R55327: PIMA7,PIMA7,PIMA7 (PO-7745),2024-02-23,1513.3,1
R55366: PIMA7,PIMA7,PIMA7 (PO-7745),2024-02-23,1513.3,1
R55593: PIMA7,PIMA7,PIMA7 (PO-7745),2024-02-23,1513.3,1
R55874: PIMA7,PIMA7,PIMA7 (PO-7745),2024-02-23,1513.3,1
R48217: PIMA7,PIMA7,PIMA7 (PO-7745),2024-02-23,1510.0,2
R48249: PIMA7,PIMA7,PIMA7 (PO-7745),2024-02-23,1510.0,2
R48253: PIMA7,PIMA7,PIMA7 (PO-7745),2024-02-23,1510.0,2
R48255: PIMA7,PIMA7,PIMA7 (PO-7745),2024-02-23,1510.0,2
R48264: PIMA7,PIMA7,PIMA7 (PO-7745),2024-02-23,1510.0,2
R48265: PIMA7,PIMA7,PIMA7 (PO-7745),2024-02-23,1510.0,2
R48272: PIMA7,PIMA7,PIMA7 (PO-7745),2024-02-23,1510.0,2
R48273: PIMA7,PIMA7,PIMA7 (PO-7745),2024-02-23,1510.0,2
R48275: PIMA7,PIMA7,PIMA7 (PO-7745),2024-02-23,1510.0,2
R48278: PIMA7,PIMA7,PIMA7 (PO-7745),2024-02-23,1510.0,2
R48281: PIMA7,PIMA7,PIMA7 (PO-7745),2024-02-23,1510.0,2
R48284: PIMA7,PIMA7,PIMA7 (PO-7745),2024-02-23,1510.0,2
R48285: PIMA7,PIMA7,PIMA7 (PO-7745),2024-02-23,1510.0,2
R48288: PIMA7,PIMA7,PIMA7 (PO-7745),2024-02-23,1510.0,2
R48298: PIMA7,PIMA7,PIMA7 (PO-7745),2024-02-23,1510.0,2
R49697: PIMA7,PIMA7,PIMA7 (PO-7745),2024-02-23,1510.0,2
R52992: PIMA7,PIMA7,PIMA7 (PO-7745),2024-02-23,1510.0,2
R53052: PIMA7,PIMA7,PIMA7 (PO-7745),2024-02-23,1510.0,2
R54078: PIMA7,PIMA7,PIMA7 (PO-7745),2024-02-23,1510.0,2
R55033: PIMA7,PIMA7,PIMA7 (PO-7745),2024-02-23,1510.0,2
R55141: PIMA7,PIMA7,PIMA7 (PO-7745),2024-02-23,1510.0,2
R55469: PIMA7,PIMA7,PIMA7 (PO-7745),2024-02-23,1510.0,2
R55574: PIMA7,PIMA7,PIMA7 (PO-7745),2024-02-23,1510.0,2
R55858: PIMA7,PIMA7,PIMA7 (PO-7745),2024-02-23,1510.0,2
R49712: PIMA7,PIMA7,PIMA7 (PO-7745),2024-02-23,1506.7,2
R49717: PIMA7,PIMA7,PIMA7 (PO-7745),2024-02-23,1506.7,2
R49793: PIMA7,PIMA7,PIMA7 (PO-7745),2024-02-23,1506.7,2
R50516: PIMA7,PIMA7,PIMA7 (PO-7745),2024-02-23,1506.7,2
R50748: PIMA7,PIMA7,PIMA7 (PO-7745),2024-02-23,1506.7,2
R51728: PIMA7,PIMA7,PIMA7 (PO-7745),2024-02-23,1506.7,2
R52228: PIMA7,PIMA7,PIMA7 (PO-7745),2024-02-23,1506.7,2
R53541: PIMA7,PIMA7,PIMA7 (PO-7745),2024-02-23,1506.7,2
R53671: PIMA7,PIMA7,PIMA7 (PO-7745),2024-02-23,1506.7,2
R55807: PIMA7,PIMA7,PIMA7 (PO-7745),2024-02-23,1506.7,2
R49551: PIMA7,PIMA7,PIMA7 (PO-7745),2024-02-23,1503.3,2
R53272: PIMA7,PIMA7,PIMA7 (PO-7745),2024-02-23,1503.3,2
R54946: PIMA7,PIMA7,PIMA7 (PO-7745),2024-02-23,1503.3,2
R55627: PIMA7,PIMA7,PIMA7 (PO-7745),2024-02-23,1503.3,2
R55892: PIMA7,PIMA7,PIMA7 (PO-7745),2024-02-23,1503.3,2
R48231: PIMA7,PIMA7,PIMA7 (PO-7745),2024-02-23,1500.0,2
R49604: PIMA7,PIMA7,PIMA7 (PO-7745),2024-02-23,1500.0,2
R49665: PIMA7,PIMA7,PIMA7 (PO-7745),2024-02-23,1500.0,2
R49824: PIMA7,PIMA7,PIMA7 (PO-7745),2024-02-23,1500.0,2
R49846: PIMA7,PIMA7,PIMA7 (PO-7745),2024-02-23,1500.0,2
R49983: PIMA7,PIMA7,PIMA7 (PO-7745),2024-02-23,1500.0,2
R50052: PIMA7,PIMA7,PIMA7 (PO-7745),2024-02-23,1500.0,2
R50164: PIMA7,PIMA7,PIMA7 (PO-7745),2024-02-23,1500.0,2
R50225: PIMA7,PIMA7,PIMA7 (PO-7745),2024-02-23,1500.0,2
R51666: PIMA7,PIMA7,PIMA7 (PO-7745),2024-02-23,1500.0,2
R52924: PIMA7,PIMA7,PIMA7 (PO-7745),2024-02-23,1500.0,2
R53032: PIMA7,PIMA7,PIMA7 (PO-7745),2024-02-23,1500.0,2
R53147: PIMA7,PIMA7,PIMA7 (PO-7745),2024-02-23,1500.0,2
R55615: PIMA7,PIMA7,PIMA7 (PO-7745),2024-02-23,1496.7,2
R49704: PIMA7,PIMA7,PIMA7 (PO-7745),2024-02-23,1490.0,2
R53488: PIMA7,PIMA7,PIMA7 (PO-7745),2024-02-23,1490.0,2
R48241: PIMA7,PIMA7,PIMA7 (PO-7745),2024-02-23,1486.7,3
R48257: PIMA7,PIMA7,PIMA7 (PO-7745),2024-02-23,1011.7,4
R44711: PIMA7,PIMA7,PIMA7 (PO-6060),,1506.7,5
R46616: PIMA7,PIMA7,PIMA7 (PO-6060PO-7311),,1520.0,5
R44754: PIMA7,PIMA7,PIMA7 (PO-6060PO-7311),,1516.7,5
R55777: PIMA7,PIMA7,PIMA7 (PO-6060PO-7311),,1516.7,5
R47086: PIMA7,PIMA7,PIMA7 (PO-6060PO-7311),,1515.0,5
R47122: PIMA7,PIMA7,PIMA7 (PO-6060PO-7311),,1515.0,5
R44590: PIMA7,PIMA7,PIMA7 (PO-6060PO-7311),,1510.0,5
R44593: PIMA7,PIMA7,PIMA7 (PO-6060PO-7311),,1510.0,5
R45257: PIMA7,PIMA7,PIMA7 (PO-6060PO-7311),,1510.0,5
R55795: PIMA7,PIMA7,PIMA7 (PO-6060PO-7311),,1506.7,5
R49480: PIMA7,PIMA7,PIMA7 (PO-6060PO-7311),,1476.7,5
R44592: PIMA7,PIMA7,PIMA7 (PO-6060PO-7311),,,5
R45827: PIMA7,PIMA7,PIMA7 (PO-6060PO-7311),,,5
R47931: SECTN,SECTN,"""OCT70, OCFLN, SECTN (PO-3527)""",2021-07-28,1500.0,1
R54061: SECTN,SECTN,"""OCT70, OCFLN, SECTN (PO-3527)""",2021-07-28,1493.3,1
R51543: SECTN,SECTN,"""OCT70, OCFLN, SECTN (PO-3527)""",2021-07-28,1490.0,1
R53186: SECTN,SECTN,"""OCT70, OCFLN, SECTN (PO-3527)""",2021-07-28,1486.7,1
R55166: SECTN,SECTN,"""OCT70, OCFLN, SECTN (PO-3527)""",2021-07-28,1486.7,1
R55500: SECTN,SECTN,"""OCT70, OCFLN, SECTN (PO-3527)""",2021-07-28,1486.7,1
R28966: SECTN,SECTN,"""OCT70, OCFLN, SECTN (PO-3527)""",2021-07-28,1483.3,1
R44030: SECTN,SECTN,"""OCT70, OCFLN, SECTN (PO-3527)""",2021-07-28,1480.0,1
R45140: SECTN,SECTN,"""OCT70, OCFLN, SECTN (PO-3527)""",2021-07-28,1473.3,2
R54045: SECTN,SECTN,"""OCT70, OCFLN, SECTN (PO-3527)""",2021-07-28,1473.3,2
R51675: SECTN,SECTN,"""OCT70, OCFLN, SECTN (PO-3527)""",2021-07-28,1470.0,2
R28971: SECTN,SECTN,"""OCT70, OCFLN, SECTN (PO-3527)""",2021-07-28,1468.8666666666668,2
R39211: SECTN,SECTN,"""OCT70, OCFLN, SECTN (PO-3527)""",2021-07-28,,3
R55794: SLCTN,SLCTN,SLCTN (PO-5583),2022-10-18,1463.3,1
R54367: SLCTN,SLCTN,SLCTN (PO-5583),2022-10-18,1456.7,1
R34936: SLCTN,SLCTN,SLCTN (PO-5583),2022-10-18,1440.0,2
R51305: SLCTN,SLCTN,SLCTN (PO-5989),2023-01-16,1453.3,3
R48179: SLCTN,SLCTN,SLCTN (PO-5989),2023-01-16,1451.65,3
R53618: SLCTN,SLCTN,SLCTN (PO-5989),2023-01-16,1450.0,3
R51731: SLCTN,SLCTN,SLCTN (PO-5989),2023-01-16,1440.0,3
R52308: SLCTN,SLCTN,SLCTN (PO-8025),2024-04-16,1430.0,4
R48615: SLCTN,SLCTN,SLCTN (PO-8025),2024-04-16,1425.0,4
R48609: SLCTN,SLCTN,SLCTN (PO-8025),2024-04-16,1423.35,4
R48604: SLCTN,SLCTN,SLCTN (PO-8025),2024-04-16,1420.0,4
R48605: SLCTN,SLCTN,SLCTN (PO-8025),2024-04-16,1420.0,4
R51813: SLCTN,SLCTN,SLCTN (PO-8025),2024-04-16,1420.0,4
R55169: SLCTN,SLCTN,SLCTN (PO-8025),2024-04-16,1420.0,4
R55623: SLCTN,SLCTN,SLCTN (PO-8025),2024-04-16,1416.7,4
R55862: SLCTN,SLCTN,SLCTN (PO-8025),2024-04-16,1410.0,4
R48610: SLCTN,SLCTN,SLCTN (PO-8025),2024-04-16,1405.0,5
R48560: SLCTN,SLCTN,SLCTN (PO-8025),,1416.7,6
R53953: SLCTN,SLCTN,,,1380.0,6
R52379: TNCDO,TNCDO,"""LY100, TNCDO (PO-3469)""",2021-03-29,1530.0,1
R52519: TNCDO,TNCDO,"""LY100, TNCDO (PO-3469)""",2021-03-29,1530.0,1
R55519: TNCDO,TNCDO,"""LY100, TNCDO (PO-3469)""",2021-03-29,1530.0,1
R52307: TNCDO,TNCDO,"""LY100, TNCDO (PO-3469)""",2021-03-29,1500.0,2
R50606: TNCDO,TNCDO,"""LY100, TNCDO (PO-3469)""",2021-03-29,1493.3,2
R51301: TNCDO,TNCDO,"""LY100, TNCDO (PO-3469)""",2021-03-29,1483.3,2
R25989: TNCDO,TNCDO,"""LY100, TNCDO (PO-3469)""",2021-03-29,1480.0,2
R54671: TNCDO,TNCDO,"""LY100, TNCDO (PO-3469)""",2021-03-29,1476.7,3
R55855: TNCDO,TNCDO,"""LY100, TNCDO (PO-3469)""",2021-03-29,1473.3,3
R49462: TNCDO,TNCDO,"""LY100, TNCDO (PO-3469)""",2021-03-29,1466.7,3
R53187: TNCDO,TNCDO,"""LY100, TNCDO (PO-3469)""",2021-03-29,1463.3,3
R55135: TNCDO,TNCDO,"""LY100, TNCDO (PO-3469)""",2021-03-29,1460.0,3
R25973: TNCDO,TNCDO,"""LY100, TNCDO (PO-3469)""",2021-03-29,57.3,4
R25997: TNCDO,TNCDO,"""LY100, TNCDO (PO-3469)""",2021-03-29,,5
R26068: VICST,VICST,VICST (PO-3375),2021-04-12,,1
